Lake,Year,MeanBiomass,SDBiomass,SEBiomass,MeanDensity,SDDensity,SEDensity,MeanShannonDiversity,SDShannonDiversity,SEShannonDiversity,MeanSimpsonsDiversity,SDSimpsonsDiversity,SESimpsonsDiversity,MeanGeneraRichness,SDGeneraRichness,SEGeneraRichness
Nanuq,1995,NA,NA,NA,NA,NA,NA,NA,NA,NA,NA,NA,NA,NA,NA,NA
Nanuq,1996,NA,NA,NA,NA,NA,NA,NA,NA,NA,NA,NA,NA,NA,NA,NA
Nanuq,1997,NA,NA,NA,16208.3333333333,1577.23375988892,910.616335846832,1.09452189833333,0.112682060088519,0.065057017724948,0.518582777666667,0.0754974548168029,0.0435884758616128,6.66666666666667,0.577350269189626,0.333333333333333
Nanuq,1998,55.8966666666667,4.27501267054653,2.4681797161291,16943,1928.05497846923,1113.16306083161,0.747111284666667,0.0183537259353356,0.0105965286093986,0.293998443,0.0102483754041501,0.00591690229834238,8,0,0
Nanuq,1999,136.326666666667,12.5564100495856,7.24944672218355,18270.6666666667,1056.15544941705,609.771633027025,1.084822138,0.281526634182958,0.16253947802958,0.498188262666667,0.154541059521088,0.0892243223153503,7.33333333333333,0.577350269189626,0.333333333333333
Nanuq,2000,40.7333333333333,8.06270632810927,4.65500566893079,20397,1469.74521601535,848.557796106625,0.712752982666667,0.208635162693004,0.120455567343227,0.305185757333333,0.0981980662564763,0.0566946799870773,7.66666666666667,0.577350269189626,0.333333333333333
Nanuq,2001,49.2733333333333,7.24219810094514,4.18128502310527,15564,2381.44472957069,1374.92775567785,1.321948405,0.139588095079741,0.0805912242699558,0.628561563333333,0.0589084864858432,0.034010830530155,8.33333333333333,0.577350269189626,0.333333333333333
Nanuq,2002,43.88,8.59213012005754,4.96066863772751,14146,1338.00112107576,772.495307429113,0.885233771,0.111122902596304,0.0641568377271089,0.429179760666667,0.0725566420618354,0.041890596825896,7.66666666666667,1.15470053837925,0.666666666666667
Nanuq,2003,26.8266666666667,0.275922694487665,0.15930404193798,22554,3894.77457627524,2248.64915004542,0.375098615,0.0217190515836029,0.0125395002783365,0.134569479666667,0.0111416198525497,0.00643261722107806,8.33333333333333,0.577350269189626,0.333333333333333
Nanuq,2004,21.05,0.0282842712474613,0.0199999999999996,27700.6666666667,2692.90295653841,1554.74824685899,0.993286654666667,0.173870217399693,0.100384016819772,0.468537057666667,0.103966641438,0.0600251684209705,8,0,0
Nanuq,2005,60.1566666666667,2.66788930305088,1.54030660728455,30398,2584.7551141259,1492.30906092985,1.09125620633333,0.125535792450513,0.0724781235642366,0.537432674333333,0.0512983905503288,0.0296171395932269,8,0,0
Nanuq,2006,31.7733333333333,4.62603862211864,2.6708446437618,20139.7666666667,3462.89444299611,1999.30303883906,0.564276142,0.185117532809788,0.10687765739945,0.231221608333333,0.088309065843629,0.0509852629367036,8.33333333333333,0.577350269189626,0.333333333333333
Nanuq,2007,19.1,7.59413589554467,4.38447640355531,11751.1666666667,3561.45879708489,2056.20919520472,1.22408094066667,0.0719351546303128,0.0415317808900085,0.613727811666667,0.0376553071236784,0.0217403017042738,8,0,0
Nanuq,2008,37.44,2.31931024229188,1.64,23651.8575266667,3258.10541165351,1881.06803646633,0.313631793666667,0.0492209651065945,0.0284177374540655,0.121849872,0.0210709279111727,0.0121653059015908,8,1,0.577350269189626
Nanuq,2009,45.7633333333333,15.2069238616274,8.77972158505673,28423.2242666667,3159.16270434159,1823.94343776544,0.902141787333333,0.139999941081696,0.0808290036700489,0.406804687333333,0.0705485369858112,0.0407312168196924,9.33333333333333,0.577350269189626,0.333333333333333
Nanuq,2010,54.4466666666667,4.18160654932208,2.41425166689621,23798.1333333333,494.356231207146,285.416703163015,0.495160403,0.0190202154715319,0.0109813265225336,0.195747766666667,0.0174402286797072,0.0100691207229576,9,0,0
Nanuq,2011,59.8,NA,NA,37375,NA,NA,0.533620153,NA,NA,0.206073015,NA,NA,8,NA,NA
Nanuq,2012,37.8244559533333,6.05281902324477,3.49459669242645,22678.9866666667,2086.23973699892,1204.49107375042,1.44866449866667,0.116854628432026,0.0674660511812839,0.694549648333333,0.0334646883677227,0.0193208468374517,8.33333333333333,0.577350269189626,0.333333333333333
Nanuq,2013,79.7133299766667,6.06437779160196,3.50127015044898,28546.5245966667,1923.69894678482,1110.64810476601,1.489891066,0.055554781193857,0.0320745678770441,0.723244510333333,0.0140620341987871,0.00811871923002346,7.66666666666667,1.15470053837925,0.666666666666667
Nanuq,2014,65.5363027833333,4.61531905976659,2.66465570155225,61696.1766666667,8958.5883115831,5172.24337325154,0.881397022,0.0969127367709562,0.0559525946626149,0.529929307333333,0.0143908862392916,0.00830858204413231,7,1.73205080756888,1
Nanuq,2015,70.89567019,5.72610606642042,3.30596887885618,56686.0486133333,4787.42956471246,2764.02374791311,1.022092,0.0983034326613267,0.0567555133092812,0.457995666666667,0.0526751503683979,0.0304120122447986,7,0,0
Nanuq,2016,40.1807133333333,11.6649959030697,6.73478852473318,27901.9866666667,4380.21060791982,2528.91577358976,0.944166666666667,0.0813099214938333,0.046944305062252,0.493333333333333,0.0776745346515403,0.0448454134902457,7.66666666666667,0.577350269189626,0.333333333333333
Nanuq,2017,58.1865,4.68932274602634,2.70738174973534,50212.82,6507.23643704453,3756.9547086082,1.29766666666667,0.0305941715582124,0.0176635531847675,0.693333333333333,0.00577350269189626,0.00333333333333334,6.66666666666667,0.577350269189626,0.333333333333333
Nanuq,2018,86.72277337,7.47126548286783,4.3135371377209,57547.2879633333,10845.3092046469,6261.54218874764,0.886823757,0.0895326431166514,0.0516916956046574,0.499367599333333,0.0311608691148141,0.0179907361716206,7,1,0.577350269189626
Nanuq,2019,65.4666666666667,10.5263162280702,6.07737150785144,23351.2607033333,1291.18409315617,745.465483757076,1.26226416533333,0.0650033232256483,0.0375296861625483,0.602569748,0.0292311608785505,0.0168766186019564,7.33333333333333,0.577350269189626,0.333333333333333
Nanuq,2020,63.6186172166667,2.44680457076778,1.41266327758719,35206.9506133333,4766.75297473661,2752.08611312463,1.079124016,0.0830267252768121,0.0479355021885006,0.537049609333333,0.0556321499555011,0.0321192367524062,6,0,0
Nanuq,2021,39.1933333333333,7.80352698036813,4.50536840274405,35990.2601233333,1968.4596420629,1136.49070423393,1.19093455533333,0.093096112496878,0.0537490656105802,0.616490919333333,0.0119965637993466,0.00692621933890326,7.33333333333333,0.577350269189626,0.333333333333333
Counts,1995,NA,NA,NA,NA,NA,NA,NA,NA,NA,NA,NA,NA,NA,NA,NA
Counts,1996,NA,NA,NA,NA,NA,NA,NA,NA,NA,NA,NA,NA,NA,NA,NA
Counts,1997,NA,NA,NA,43709,5342.77792913013,3084.65427560367,1.050407758,0.206169863109229,0.119032225964901,0.576050107666667,0.121516627366786,0.0701576575212294,6.66666666666667,1.15470053837925,0.666666666666667
Counts,1998,318.976666666667,28.1875882851537,16.2741116842398,90699,3628.66311470216,2095.00962607176,0.611106288,0.0842035036970843,0.0486149155262212,0.288417054666667,0.0436733391006061,0.0252148140861447,7.33333333333333,0.577350269189626,0.333333333333333
Counts,1999,68.9733333333333,7.13146081341918,4.11735082034283,36441,1732.10825296804,1000.03316611667,0.917075436666667,0.14741422958028,0.0851096451305557,0.434040080666667,0.0905204874825687,0.0522620278152372,7.33333333333333,0.577350269189626,0.333333333333333
Counts,2000,207.953333333333,16.5563049420254,9.55878711506388,96401.3333333333,2478.94520579486,1431.219681872,0.796630019333333,0.048882630865494,0.0282224000888901,0.486047328,0.0379848241505251,0.0219305484484262,7.33333333333333,0.577350269189626,0.333333333333333
Counts,2001,152.22,13.1521443118603,7.59339405887337,47965.3333333333,1760.76186161938,1016.57633478477,0.921669149333333,0.0492845921740574,0.028454472558593,0.542713626333333,0.0166771794619141,0.0096285740516598,6.66666666666667,0.577350269189626,0.333333333333333
Counts,2002,197.673333333333,13.9987939956745,8.08220748173281,81402.6666666667,18182.280064209,10497.5442895523,0.670074957666667,0.0330902614898377,0.0191046713787129,0.326144948,0.010231338551106,0.00590706606665122,7.33333333333333,0.577350269189626,0.333333333333333
Counts,2003,219.256666666667,5.44110589249403,3.14142395172069,87867.6666666667,3795.015854161,2191.05342497875,0.793800137333333,0.160072714915881,0.0924180250465981,0.401706548333333,0.103435791553249,0.0597186820971104,7,1,0.577350269189626
Counts,2004,237.113333333333,0.72947469684241,0.421162412588986,102432.666666667,10462.1575849981,6040.32949800294,0.677833367666667,0.119414066011896,0.0689437431569958,0.33008881,0.0727565496103546,0.0420060135028466,7,0,0
Counts,2005,133.16,16.3219943634349,9.42350783944068,54356,8685.61333470469,5014.64119686876,0.535692469666667,0.0395631557094429,0.0228417985988379,0.254926221333333,0.0262312160440269,0.0151445996441901,6.33333333333333,0.577350269189626,0.333333333333333
Counts,2006,148.906666666667,3.80947940450311,2.1994039596622,51399.1333333333,10968.3907467474,6332.60335021159,0.644946036333333,0.142315964566251,0.0821661604523064,0.324633734,0.0894839123347043,0.0516635608745824,6,0,0
Counts,2007,152.22,50.2816298462968,29.0301125270526,172364.666666667,63548.4842958771,36689.7345148173,0.771897713666667,0.191770396735706,0.110718690177961,0.347366664666667,0.107628846898708,0.0621395437295383,7,0,0
Counts,2008,198.91,49.0303671207957,28.3076956556575,174581.264033333,56104.3115346133,32391.8393672076,0.366223497666667,0.0436983438019637,0.0252292505572045,0.145661949666667,0.0206129633052468,0.0119008999130801,8.33333333333333,0.577350269189626,0.333333333333333
Counts,2009,178.543333333333,18.1716986914634,10.4914351311492,104523.179103333,10631.8426188664,6138.29719798428,0.326591983333333,0.0555137878125926,0.0320509003373361,0.122254270666667,0.024146445740636,0.0139409569483289,7.66666666666667,0.577350269189626,0.333333333333333
Counts,2010,176.393333333333,35.9526860378099,20.7572929620197,44589,7844.90828053458,4529.25990753456,0.998881611666667,0.0865657129479342,0.0499787376730817,0.53474576,0.0222471217414578,0.012844381726125,8.33333333333333,1.15470053837925,0.666666666666667
Counts,2011,195.256666666667,49.3294002936721,28.4803425385144,60481,13069.196341015,7545.50402557709,0.365070304666667,0.103217899057006,0.0595928818057498,0.147775010666667,0.0511317934004658,0.0295209546839072,8.33333333333333,0.577350269189626,0.333333333333333
Counts,2012,152.122384466667,9.05659676995906,5.22882858307776,44132.93,2785.91230025283,1608.44721648966,1.55276689233333,0.0638885880754772,0.0368860935235219,0.750732744333333,0.0197458002470376,0.0114002430879917,8.66666666666667,0.577350269189626,0.333333333333333
Counts,2013,224.297470733333,100.003048503344,57.7367869731888,42894.32359,4916.48830707243,2838.53584755591,1.48488963466667,0.0889074909938437,0.0513307638582699,0.725453657666667,0.0256929737333936,0.0148338453012568,8.33333333333333,1.15470053837925,0.666666666666667
Counts,2014,258.0866462,29.0266873424472,16.758565750845,95871.9466666667,2666.33508757496,1539.40928056115,1.11029116533333,0.0761347181617665,0.0439564000253722,0.594238007,0.0616275154339186,0.0355806626252607,8,1,0.577350269189626
Counts,2015,251.332558333333,10.8944555135598,6.28991682342813,148011.052233333,10086.2000921567,5823.27033830712,1.18612233333333,0.0551840591958704,0.031860531431712,0.639140333333333,0.0372301012801917,0.0214948089960757,6.66666666666667,1.15470053837925,0.666666666666667
Counts,2016,143.814746666667,15.4993740907087,8.9485678035414,39350.4166666667,2520.44752237243,1455.18105552005,1.22216666666667,0.0528061865062544,0.0304876659942636,0.643333333333333,0.0251661147842359,0.0145296631451356,5,0,0
Counts,2017,234.42779,9.84955691633385,5.68664433704389,113795.963333333,9894.65233312587,5712.68018806798,1.2794,0.0467282569758385,0.0269785717437624,0.653333333333333,0.030550504633039,0.017638342073764,7.33333333333333,1.15470053837925,0.666666666666667
Counts,2018,254.268042,13.4127205834869,7.74383783944142,123668.3001,3768.20135415303,2175.57206618097,1.02389380466667,0.038725095430908,0.0223579442714287,0.581869758666667,0.0216612309734453,0.0125061175334973,5.66666666666667,0.577350269189626,0.333333333333333
Counts,2019,258.8,20.5263245614016,11.8508790109989,60033.1679466667,333.471389305735,192.529796382704,1.107231788,0.0321870206251628,0.0185831850223498,0.593131447,0.0178456535929958,0.0103031929057809,5.66666666666667,0.577350269189626,0.333333333333333
Counts,2020,124.530614466667,5.75301382157309,3.32150407853686,68030.84086,7728.78305020538,4462.21497454429,1.28191361233333,0.0389463115948883,0.0224856634832518,0.660475825,0.0121440034987972,0.00701134368907033,8.33333333333333,0.577350269189626,0.333333333333333
Counts,2021,148.393333333333,8.78806197823692,5.0737899487902,62749.0579866667,12363.5619623475,7138.10582710394,1.33044790433333,0.0297209306751444,0.0171593873258608,0.695782102,0.00609332391691932,0.00351798220369295,7.66666666666667,0.577350269189626,0.333333333333333
Vulture,1995,NA,NA,NA,25757.3666666667,2918.96782670405,1685.26686050344,0.800542694666667,0.293880125179597,0.169671769381921,0.379373101333333,0.162930793433744,0.0940681374482512,6.33333333333333,0.577350269189626,0.333333333333333
Vulture,1996,NA,NA,NA,21080.6666666667,1169.02623295345,674.937610285408,0.947612719333333,0.100082267333944,0.0577825239863604,0.494934319333333,0.0622416268037817,0.0359352199899636,6.33333333333333,0.577350269189626,0.333333333333333
Vulture,1997,NA,NA,NA,14314,2210.58974031818,1276.28458164053,0.823947536333333,0.085551376475799,0.0493931102378456,0.404502598,0.0518594770251615,0.0299410830205102,8.33333333333333,0.577350269189626,0.333333333333333
Vulture,1998,41.5733333333333,1.59377957488899,0.920169066591086,16621.3333333333,578.125707206775,333.781032681274,1.23817027766667,0.179649288024995,0.103720564800955,0.630698308333333,0.0924644820324422,0.0533843935919098,8,0,0
Vulture,1999,34.63,3.13070279649794,1.8075121023108,18733.3333333333,696.149648662795,401.922187051728,0.74466761,0.0767607607382639,0.0443178458754371,0.385631459333333,0.0311658386192983,0.0179936053163723,6.33333333333333,0.577350269189626,0.333333333333333
Vulture,2000,61.2766666666667,7.2819251117636,4.20422142349541,17979.6666666667,2435.77017251902,1406.29256478792,1.143472321,0.0470709396643063,0.0271764196861959,0.621100255333333,0.0378613480643245,0.0218592594968199,7.33333333333333,0.577350269189626,0.333333333333333
Vulture,2001,47.97,2.33218781404929,1.34648926224212,17053.6666666667,721.127820385078,416.343341219453,0.833710427,0.200624135972673,0.115830398909759,0.421900525333333,0.128259069762207,0.0740504084532211,7.66666666666667,0.577350269189626,0.333333333333333
Vulture,2002,41.1233333333333,0.537152988759566,0.310125422656347,11152,233.92520172055,135.056778183597,0.989748773,0.1667215988158,0.0962567599560267,0.501714837,0.0928219072414933,0.0535907531325706,6,0,0
Vulture,2003,67.7533333333333,32.3376349372265,18.6701422359636,16953.3333333333,6710.51341801306,3874.31672829044,1.085056815,0.123699427842405,0.0714178979634154,0.565655456,0.042656651460723,0.0246278292035765,6.33333333333333,0.577350269189626,0.333333333333333
Vulture,2004,46.88,1.02352332655392,0.590931468107765,50318,9839.82911436982,5681.02798796133,0.348710213,0.0622640777918634,0.0359481820739761,0.146904732,0.0359406880932225,0.0207503659454824,7.66666666666667,0.577350269189626,0.333333333333333
Vulture,2005,23.3966666666667,3.8651821863055,2.23156397573042,15630.6666666667,720.942669935227,416.236444557391,1.05817002966667,0.0622708610999658,0.035952098418735,0.567381543333333,0.0312086977496353,0.0180183500468096,7.33333333333333,1.52752523165195,0.881917103688197
Vulture,2006,46.53,22.6159169612908,13.0573057455715,12489.6,2161.01710081156,1247.66380487694,0.657680183,0.195227035826055,0.112714381687266,0.308444103333333,0.105868139384304,0.0611229987721327,7.66666666666667,0.577350269189626,0.333333333333333
Vulture,2007,157.68,25.1036630793197,14.4936066364909,6684.06666666667,2915.76634237611,1683.4184826649,1.62970891766667,0.0618015637183897,0.0356811494491521,0.772548333333333,0.0175924533326052,0.0101570076672855,7,0,0
Vulture,2008,47.9,21.0531494081052,12.1550414780589,18544.3351733333,2718.27146527744,1569.39476220841,0.351695780666667,0.0171154075692748,0.00988158516741098,0.156137193,0.00617611309224467,0.00356578055635303,7.66666666666667,0.577350269189626,0.333333333333333
Vulture,2009,82.72,14.0007142674936,9.90000000000001,33652.2955066667,13799.4018749094,7967.08838713474,0.524158974,0.1564711807399,0.0903386783206001,0.237444357333333,0.0930600605777576,0.0537282510253712,8,0,0
Vulture,2010,240.736666666667,8.68698067992171,5.01543063399788,23392.3333333333,1887.95573659271,1090.0117527399,0.472011203333333,0.0851866722706728,0.0491825481668413,0.212176184666667,0.0448269217113389,0.0258808353169838,8.66666666666667,0.577350269189626,0.333333333333333
Vulture,2011,83.42,19.9893096429066,11.5408333032469,44933.7666666667,6796.97258809636,3924.23395341194,0.788960830666667,0.100088416436378,0.0577860741723059,0.386511437666667,0.0504980916535625,0.0291550868097467,6.66666666666667,0.577350269189626,0.333333333333333
Vulture,2012,52.9316253933333,4.14006614341853,2.39026830236554,22074.7933333333,3976.03708911692,2295.56608370959,1.706938474,0.0159881634293773,0.00923077045979874,0.791105602666667,0.00493067510995708,0.00284672660202031,8.33333333333333,0.577350269189626,0.333333333333333
Vulture,2013,70.7831193233333,5.41689920622148,3.12744821488504,28000.00715,1493.27497198779,862.142707051284,1.44831962233333,0.101828820427274,0.0587908968849486,0.687417945,0.0482645252441436,0.0278655366420158,7.66666666666667,0.577350269189626,0.333333333333333
Vulture,2014,50.9224542966667,5.12010967466811,2.95609669895004,47709.2733333333,8212.63882421682,4741.56923591875,1.10559696966667,0.0947277591518259,0.0546910972460367,0.584392443666667,0.0377412349841247,0.0217899121776333,7.66666666666667,1.52752523165195,0.881917103688197
Vulture,2015,83.3836011633333,6.17282660502224,3.56388310207048,32557.01397,5076.20564336948,2930.74869466126,1.00696066666667,0.149469839534046,0.0862964520907114,0.537908333333333,0.061797286480341,0.0356786799846133,6.33333333333333,1.15470053837925,0.666666666666667
Vulture,2016,66.9561033333333,5.28307454929735,3.05018451318568,16025.6833333333,2675.41952159532,1544.65418098824,1.2877,0.216180780829379,0.124812032005465,0.663333333333333,0.125033328890074,0.072188026092359,5.66666666666667,0.577350269189626,0.333333333333333
Vulture,2017,91.5586933333333,0.844575334078219,0.487615796480978,42043.9366666667,7836.36610356059,4524.32807935916,0.9133,0.0623861362804269,0.0360186525752051,0.493333333333333,0.0208166599946613,0.0120185042515466,7.33333333333333,0.577350269189626,0.333333333333333
Vulture,2018,47.4233663333333,10.7569529542619,6.21052968380326,25289.7842633333,1573.02052519692,908.183823663249,1.28723865333333,0.0625354791852137,0.0361048757414854,0.665043525,0.0504880850425732,0.0291493094901984,6.66666666666667,0.577350269189626,0.333333333333333
Vulture,2019,72.4333333333333,2.37135685491099,1.36910351852753,35089.06075,1862.64470334024,1075.39842087812,0.816720381,0.00829254262446135,0.0047877017164992,0.516308459,0.00968109728998861,0.00558938412642588,6,1,0.577350269189626
Vulture,2020,38.4448480233333,4.34769855719772,2.51014493235345,21300.46635,2395.35677752099,1382.95988030694,1.177643061,0.0237337906038004,0.0137027103939944,0.622311425333333,0.0221743087360176,0.0128023431178337,6.33333333333333,0.577350269189626,0.333333333333333
Vulture,2021,38.46,8.47299238758067,4.89188443581135,20381.2261366667,673.904450116887,389.078915683071,1.029279975,0.0546449048464584,0.0315492505229442,0.564587412333333,0.0233059403720509,0.013455690947521,5.66666666666667,0.577350269189626,0.333333333333333
Northeast,1995,NA,NA,NA,NA,NA,NA,NA,NA,NA,NA,NA,NA,NA,NA,NA
Northeast,1996,NA,NA,NA,NA,NA,NA,NA,NA,NA,NA,NA,NA,NA,NA,NA
Northeast,1997,NA,NA,NA,NA,NA,NA,NA,NA,NA,NA,NA,NA,NA,NA,NA
Northeast,1998,NA,NA,NA,NA,NA,NA,NA,NA,NA,NA,NA,NA,NA,NA,NA
Northeast,1999,NA,NA,NA,NA,NA,NA,NA,NA,NA,NA,NA,NA,NA,NA,NA
Northeast,2000,NA,NA,NA,NA,NA,NA,NA,NA,NA,NA,NA,NA,NA,NA,NA
Northeast,2001,NA,NA,NA,NA,NA,NA,NA,NA,NA,NA,NA,NA,NA,NA,NA
Northeast,2002,NA,NA,NA,NA,NA,NA,NA,NA,NA,NA,NA,NA,NA,NA,NA
Northeast,2003,NA,NA,NA,NA,NA,NA,NA,NA,NA,NA,NA,NA,NA,NA,NA
Northeast,2004,NA,NA,NA,NA,NA,NA,NA,NA,NA,NA,NA,NA,NA,NA,NA
Northeast,2005,NA,NA,NA,NA,NA,NA,NA,NA,NA,NA,NA,NA,NA,NA,NA
Northeast,2006,NA,NA,NA,NA,NA,NA,NA,NA,NA,NA,NA,NA,NA,NA,NA
Northeast,2007,105.25,32.6250103448259,18.8360585048996,33708.6459866667,7422.00909875486,4285.09895109397,0.517837720666667,0.038563310008109,0.0222645374140247,0.2119606,0.0161602068191435,0.00933009975719254,7.66666666666667,0.577350269189626,0.333333333333333
Northeast,2008,NA,NA,NA,NA,NA,NA,NA,NA,NA,NA,NA,NA,NA,NA,NA
Northeast,2009,NA,NA,NA,NA,NA,NA,NA,NA,NA,NA,NA,NA,NA,NA,NA
Northeast,2010,NA,NA,NA,NA,NA,NA,NA,NA,NA,NA,NA,NA,NA,NA,NA
Northeast,2011,NA,NA,NA,NA,NA,NA,NA,NA,NA,NA,NA,NA,NA,NA,NA
Northeast,2012,NA,NA,NA,NA,NA,NA,NA,NA,NA,NA,NA,NA,NA,NA,NA
Northeast,2013,NA,NA,NA,NA,NA,NA,NA,NA,NA,NA,NA,NA,NA,NA,NA
Northeast,2014,NA,NA,NA,NA,NA,NA,NA,NA,NA,NA,NA,NA,NA,NA,NA
Northeast,2015,NA,NA,NA,NA,NA,NA,NA,NA,NA,NA,NA,NA,NA,NA,NA
Northeast,2016,153.963333333333,1.39342503685462,0.80449432012358,33259.8523133333,6471.29440389739,3736.20356609548,0.905695586666667,0.0706427591588056,0.0407856160166343,0.545767681333333,0.0197813202521759,0.0114207505725199,5,0,0
Northeast,2017,132.626666666667,4.78230418661688,2.76106460948993,72636.0152366667,3451.83189187727,1992.91607197268,1.45265843466667,0.0355326133910293,0.0205147639063217,0.7376729,0.0111803743230225,0.00645499212503783,8.33333333333333,1.52752523165195,0.881917103688197
Northeast,2018,121.674711233333,1.03080804230785,0.595137300709268,29572.8380166667,1414.12818696958,816.447289415524,1.222263515,0.0884017994179947,0.0510388026908266,0.638641762333333,0.0243026026206256,0.0140311141650267,6,0,0
Northeast,2019,104.733333333333,17.3130971617828,9.99572130686147,55955.5183866667,14046.3474657355,8109.66249047339,1.144937331,0.0178329016245105,0.0102958305533432,0.607865029666667,0.0127213910831317,0.00734469856631259,6.33333333333333,0.577350269189626,0.333333333333333
Northeast,2020,104.873954,2.89827910006766,1.67332221861073,36137.8398766667,5696.75833023901,3289.02495547174,1.173688898,0.0755124889748019,0.0435971558367805,0.626408029333333,0.0280442521479001,0.0161913565268119,5.66666666666667,0.577350269189626,0.333333333333333
Northeast,2021,86.8666666666667,17.4774321149685,10.0906001363205,45286.8564033333,3325.25798154937,1919.83859077248,0.821714344,0.0999410325124478,0.0577009820241509,0.421261801333333,0.059105015719922,0.034124296736354,7,0,0
Kodiak,1995,NA,NA,NA,55789.8333333333,12052.6343582361,6958.59169117174,0.741107867666667,0.110472475031704,0.0637813131975983,0.461160186333333,0.0872490913501076,0.0503732863775349,5.33333333333333,0.577350269189626,0.333333333333333
Kodiak,1996,NA,NA,NA,224244.666666667,46602.3224564327,26905.8634150832,0.150612906333333,0.0432457065407631,0.0249679203126052,0.050123883,0.0180289121154796,0.0104089972630683,5.33333333333333,0.577350269189626,0.333333333333333
Kodiak,1997,NA,NA,NA,60381,12186.5835655445,7035.927302069,1.09228715666667,0.0534292321921117,0.0308473815887107,0.590083077,0.0243033475684986,0.0140315442608817,7.66666666666667,0.577350269189626,0.333333333333333
Kodiak,1998,413.446666666667,69.0960182161992,39.8926047170539,74766.15415,6816.68159919097,3935.61295627287,0.770499149666667,0.0659861059823543,0.0380970960516874,0.470734441,0.0559636492220838,0.0323106279432039,5.33333333333333,1.52752523165195,0.881917103688197
Kodiak,1999,307.05,9.04157619002352,5.22015644720859,25597.3258566667,2704.71025499885,1561.56519380353,0.859587571,0.034798100166119,0.0200906924981964,0.522702224333333,0.0266122535140146,0.0153645917300589,7,0,0
Kodiak,2000,34.65,6.09061573241983,3.51641863264316,23384.2166333333,2648.78979605375,1529.27950177837,0.163052846333333,0.0171888796097472,0.0099240042697556,0.0569256656666667,0.00811643641361807,0.00468602674826287,7,0,0
Kodiak,2001,66.53,6.74946664559504,3.8968063847207,21991.1136666667,8014.57300180696,4627.21588003316,0.632957729666667,0.0355705719755606,0.0205366793053189,0.301238581333333,0.0274977251568136,0.0158758190213887,7.33333333333333,0.577350269189626,0.333333333333333
Kodiak,2002,166.383333333333,14.7065098964144,8.49080744753472,24626,1357.57983190676,783.799081397778,0.659552850666667,0.112741014501419,0.0650910550711058,0.307318021666667,0.0601258512969919,0.0347136764315737,7.66666666666667,0.577350269189626,0.333333333333333
Kodiak,2003,77.9566666666667,15.655402688316,9.03865095637126,32260.6666666667,5817.66193013425,3358.82868141725,0.623291088333333,0.146443527371913,0.0845492099492526,0.337941993,0.0841166120759861,0.0485647486253899,7,0,0
Kodiak,2004,101.02,25.7772690562829,14.8825132286183,38866,10153.0543680215,5861.86867247411,0.489261487666667,0.185621838427011,0.107168818383308,0.199240077333333,0.0877697770580453,0.0506739044111759,7,0,0
Kodiak,2005,137.64,9.48313766640556,5.47509208446153,66646,8496.22392595675,4905.29717074647,0.260527800333333,0.0873414474192214,0.050426608178899,0.0935014526666667,0.0356145855979373,0.0205620905820461,7,0,0
Kodiak,2006,117.02,73.5162356217999,42.4446184260541,76771.9666666667,32518.060144531,18774.3107779694,0.527822419,0.176132804010389,0.101690321808522,0.267189649666667,0.109029548908191,0.0629482394117676,7.33333333333333,0.577350269189626,0.333333333333333
Kodiak,2007,73.0566666666667,15.3458213639197,8.85991409539493,119383.6,16362.5176314649,9446.90395914626,0.516813024333333,0.273435406149259,0.15786800534625,0.250290208333333,0.163362527180432,0.0943173990431199,5,0,0
Kodiak,2008,117.72,16.6909586303484,9.63652945826453,136003.360833333,21759.3668463673,12562.776306146,0.135757532333333,0.00345761511096193,0.00199625501506799,0.0425281103333333,0.00190448056205211,0.0010995523651672,6.66666666666667,0.577350269189626,0.333333333333333
Kodiak,2009,112.386666666667,38.930257298576,22.4763945309543,33633.96054,4757.97336141025,2747.01720100727,1.02655602866667,0.061499170141349,0.0355065624360465,0.580488658666667,0.028516115324112,0.0164637868586185,6.33333333333333,0.577350269189626,0.333333333333333
Kodiak,2010,228.66,81.5820740113905,47.1014323915243,55168.3666666667,11134.5855918994,6428.55598879804,0.551853135,0.125086194424115,0.0722185480226687,0.248108109333333,0.0686512231119142,0.0396358021438607,7,1,0.577350269189626
Kodiak,2011,116.746666666667,27.5055382302062,15.8803299014151,184244.366666667,29087.3631959539,16793.5969712004,0.23222364,0.0440833629140573,0.0254515414452149,0.085849386,0.02067803922816,0.0119384715146918,6.66666666666667,0.577350269189626,0.333333333333333
Kodiak,2012,162.009436033333,39.9516854943754,23.0661163747569,148593.2,74979.7463988196,43289.5767671284,1.31959024766667,0.0360564482312231,0.0208172000923185,0.689617301666667,0.0250001113114694,0.0144338209954475,7.66666666666667,0.577350269189626,0.333333333333333
Kodiak,2013,95.7634398533333,8.40765767370508,4.85416342116785,51050.5519,5436.23541681193,3138.61198127455,1.31062345866667,0.155908557141628,0.0900138474346851,0.613415050333333,0.060766083340878,0.0350833145744551,9,0,0
Kodiak,2014,95.20943252,6.92012462588633,3.99533581558123,93122.51,17437.6813901992,10067.6500446744,1.140380042,0.0746596528831211,0.043104770689674,0.608438177,0.0283493946567471,0.0163675306364359,6.33333333333333,0.577350269189626,0.333333333333333
Kodiak,2015,143.298555966667,19.8914903618747,11.4843573150112,81354.0113066667,7494.49642540261,4326.94952864688,1.050758,0.209571402028044,0.120996105375338,0.527211666666667,0.132282964229463,0.076373605007082,6.33333333333333,0.577350269189626,0.333333333333333
Kodiak,2016,129.321626666667,2.22772097510737,1.28617530465761,144363.38,9959.51485389223,5750.12858189276,0.875033333333333,0.073850005642067,0.0426373206371028,0.5,0.0871779788708135,0.0503322295684717,7,0,0
Kodiak,2017,101.99823,18.6404173438982,10.7620499713066,42976.6966666667,4260.07936633032,2459.55796891998,1.15333333333333,0.100644738229742,0.0581072667094611,0.606666666666667,0.0416333199893226,0.0240370085030932,8,1.73205080756888,1
Kodiak,2018,75.1111683466667,5.88262335136688,3.39633417545284,64732.18466,6685.09547425513,3859.64167161955,0.529641647,0.0147672388238419,0.00852586931013259,0.235712221,0.00627377134804791,0.00362216357662962,5.66666666666667,0.577350269189626,0.333333333333333
Kodiak,2019,191.433333333333,14.3353874497111,8.27653980302826,51376.8750666667,1934.10679944166,1116.65708129913,0.973536665333333,0.171754532124918,0.0991625253568596,0.480886510666667,0.073404540111633,0.042380130993192,7,1.73205080756888,1
Kodiak,2020,169.720445766667,11.3724313791506,6.56587631809315,44506.3851666667,2059.67318523839,1189.15286794004,1.13658492266667,0.0463879485354906,0.02678209457412,0.608310679,0.0160122956618178,0.00924470321069438,6.66666666666667,0.577350269189626,0.333333333333333
Kodiak,2021,184.513333333333,11.577639367908,6.68435320564209,55243.19449,7465.24979154739,4310.06397671768,1.13580570533333,0.0471462636785837,0.0272199080261154,0.583765342,0.0243925188766054,0.0140830273396212,8,0,0
Leslie,1995,NA,NA,NA,NA,NA,NA,NA,NA,NA,NA,NA,NA,NA,NA,NA
Leslie,1996,NA,NA,NA,NA,NA,NA,NA,NA,NA,NA,NA,NA,NA,NA,NA
Leslie,1997,NA,NA,NA,NA,NA,NA,NA,NA,NA,NA,NA,NA,NA,NA,NA
Leslie,1998,NA,NA,NA,NA,NA,NA,NA,NA,NA,NA,NA,NA,NA,NA,NA
Leslie,1999,NA,NA,NA,NA,NA,NA,NA,NA,NA,NA,NA,NA,NA,NA,NA
Leslie,2000,NA,NA,NA,NA,NA,NA,NA,NA,NA,NA,NA,NA,NA,NA,NA
Leslie,2001,NA,NA,NA,NA,NA,NA,NA,NA,NA,NA,NA,NA,NA,NA,NA
Leslie,2002,NA,NA,NA,NA,NA,NA,NA,NA,NA,NA,NA,NA,NA,NA,NA
Leslie,2003,87.67,13.9813196802019,8.07211868099076,33820.6666666667,14058.0519750545,8116.42009207946,1.16101311333333,0.136856787144104,0.0790143028980757,0.599386063,0.0783616136865272,0.0452420987560499,6,0,0
Leslie,2004,274.105,66.4326820924761,46.975,73188.3333333333,16613.2708800324,9591.67641470689,0.951910827333333,0.135223120432081,0.0780711049821233,0.511300489333333,0.0918012143745889,0.0530014558311034,6.33333333333333,0.577350269189626,0.333333333333333
Leslie,2005,137.61,14.4464978454988,8.34068941994605,29933,2815.16553687345,1625.33658052725,1.255683217,0.0485045589412793,0.0280041201616717,0.671891668666667,0.0231548558712739,0.013368462270327,5.66666666666667,0.577350269189626,0.333333333333333
Leslie,2006,134.493333333333,16.8166296662956,9.70908566469801,41648.2666666667,14199.4920646245,8198.08056586689,1.04628162366667,0.0504020787957314,0.0290996537604322,0.550748837333333,0.0259476723801743,0.0149808956335378,5,0,0
Leslie,2007,105.846666666667,1.07108978770845,0.618393977259734,15331,2837.33910380836,1638.13849536601,0.940332197333333,0.0309083720613091,0.0178449569298099,0.495209261666667,0.00987579467430933,0.00570179271367397,5,1,0.577350269189626
Leslie,2008,137.933333333333,37.6751673298651,21.7517679996618,33481.86639,6506.53280018705,3756.54846367913,1.33644402933333,0.186334748255792,0.107580417064863,0.690003324,0.0713309835418883,0.04118296254947,4.66666666666667,0.577350269189626,0.333333333333333
Leslie,2009,114.933333333333,29.3297840655763,16.9335587255341,14289.4693733333,1024.28491129059,591.371169260497,1.070662442,0.221800839572163,0.128056774433473,0.590648803666667,0.100171382754643,0.0578339747984903,4.33333333333333,0.577350269189626,0.333333333333333
Leslie,2010,233.853333333333,5.76208584918112,3.32674181611845,27002.4,5114.55277810289,2952.88842322225,1.03527770233333,0.129965017174602,0.0750353376509911,0.581357895,0.0402283522121343,0.0232258499787308,5,1,0.577350269189626
Leslie,2011,356.106666666667,28.158383002817,16.257250006621,77796.8,12871.8248243984,7431.55152732815,1.15076751766667,0.00955177989697041,0.00551472269475593,0.616572086333333,0.012032032344301,0.00694669711288048,5,0,0
Leslie,2012,252.3294962,41.8595531954882,24.1676243055726,35611.74,2149.54024616894,1241.03763975957,0.725699784333333,0.0185970443128984,0.0107370085401833,0.384456136,0.0272026107564351,0.0157054346428884,8,0,0
Leslie,2013,282.415622733333,57.4859120510012,33.1895067972567,43451.6269633333,6530.39537110864,3770.32552542426,1.50570707566667,0.17241596171292,0.0995444019075428,0.735819312333333,0.0439221877712117,0.0253584869331063,10.3333333333333,0.577350269189626,0.333333333333333
Leslie,2014,182.7179394,29.6170085566688,17.0993878627842,47918.07,8510.81400151008,4913.72075479468,1.34501439433333,0.101567366106284,0.0586399461623446,0.666535001333333,0.0423452351801537,0.0244480329301597,11.3333333333333,1.52752523165195,0.881917103688197
Leslie,2015,257.848396666667,11.4368925697307,6.60309300382684,100694.322873333,11710.9178346743,6761.30156430677,1.160206,0.0221278619843852,0.0127755270732757,0.637447666666667,0.00896356370721671,0.00517511591925993,6,1,0.577350269189626
Leslie,2016,270.969856666667,21.417150084188,12.3651973663806,61650.9433333333,7509.61084537231,4335.67584308503,0.862466666666667,0.169552980903709,0.0978914591666596,0.426666666666667,0.109696551146029,0.0633333333333334,7,1,0.577350269189626
Leslie,2017,176.348413333333,36.4584640152453,21.0493040134421,26944.3866666667,2592.1579387131,1496.58308369803,1.1492,0.161574286320565,0.0932849577013,0.583333333333333,0.0862167810425171,0.0497772817435603,8,1,0.577350269189626
Leslie,2018,81.89901125,13.1206387256377,7.57520430018674,55310.8108233333,1989.2043731272,1148.46768029817,1.398579138,0.211448602771304,0.122079907729783,0.702134456,0.0623841322810988,0.0360174955656536,5.66666666666667,1.15470053837925,0.666666666666667
Leslie,2019,224.733333333333,14.2117322425288,8.2051474358749,27099.7204366667,2095.77724989285,1209.99755938713,0.615004297,0.0786355060230251,0.045400230570256,0.318555407,0.0771022362697176,0.0445149968654436,4.33333333333333,0.577350269189626,0.333333333333333
Leslie,2020,154.972659,23.912853988075,13.8060926871073,33447.18185,4155.95009616275,2399.43890675821,1.43188227666667,0.0450859822897143,0.0260304040116453,0.689719735333333,0.0293790207363047,0.0169619855306331,9,1,0.577350269189626
Leslie,2021,246.656666666667,26.8058469989914,15.4763629807236,42281.0270666667,2844.92818380545,1642.52005274523,1.000853939,0.110902123154118,0.0640293706567313,0.523272676666667,0.0586429148052316,0.0338575026488647,5.66666666666667,0.577350269189626,0.333333333333333
Moose,1995,NA,NA,NA,NA,NA,NA,NA,NA,NA,NA,NA,NA,NA,NA,NA
Moose,1996,NA,NA,NA,4381,874.19219854675,504.715101154437,1.16691699666667,0.0661964128889955,0.0382185168008491,0.635100878333333,0.01911365484641,0.0110352737707724,7,1,0.577350269189626
Moose,1997,NA,NA,NA,15181,1891.31726582295,1091.95253254587,0.987776325,0.0719176550014594,0.0415216774745792,0.571003138,0.0318622708756908,0.0183956906670729,6.66666666666667,0.577350269189626,0.333333333333333
Moose,1998,115.226666666667,13.0193484219961,7.516724316113,65072.6666666667,10190.7593599954,5883.63765974003,1.31407553,0.047627893101969,0.0274979769033565,0.690506841,0.0257177009636267,0.0148481215742882,7.66666666666667,1.15470053837925,0.666666666666667
Moose,1999,20.3166666666667,5.90500070561667,3.40925374695271,6860,1461.83856837888,843.992890965321,1.14090273933333,0.0664985902825407,0.0383929790003555,0.631985181666667,0.0303855241734657,0.0175430905610183,8.33333333333333,0.577350269189626,0.333333333333333
Moose,2000,118.153333333333,8.17842486872218,4.72181579950388,21049.6666666667,94.3627751464174,54.4803736322642,1.14794433566667,0.0724730687522989,0.041842345753138,0.605412611666667,0.030661793452711,0.0177025947037594,8,0,0
Moose,2001,20.87,3.21762334650903,1.85769570525782,6702.66666666667,1074.79176277702,620.531313562105,0.786867009,0.11967684272613,0.0690954573636955,0.418972086,0.0773483545444146,0.0446570933175924,7.66666666666667,0.577350269189626,0.333333333333333
Moose,2002,81.61,4.62225053410132,2.66865759012529,10738,3159.35768788531,1824.0560115669,0.902812416666667,0.0397376252765396,0.0229425286503666,0.503142932,0.0542851696602458,0.0313415573163474,8,0,0
Moose,2003,52.4433333333333,23.6511613527398,13.6550043736516,16089,1963.35350866827,1133.54267674402,1.15651416366667,0.0333253028830789,0.0192403725903714,0.621822896,0.00885646778300628,0.00511328405858793,7.33333333333333,0.577350269189626,0.333333333333333
Moose,2004,69.81,18.5811059950693,10.7278065480942,20463.6666666667,596.826049476171,344.577680324448,1.19473095866667,0.0369849038404963,0.021353244188263,0.648020543333333,0.0302156575875648,0.0174450180419221,6,0,0
Moose,2005,67.9966666666667,5.9821846622562,3.45381592509567,16797.3333333333,4483.99869907802,2588.83785595862,1.173143412,0.0803364384926655,0.0463822643894763,0.629294556,0.0240828245964682,0.0139042252636175,6.33333333333333,0.577350269189626,0.333333333333333
Moose,2006,32.7566666666667,4.34631261339234,2.50934475732433,3286.76666666667,705.058652406545,407.065802761394,0.976431537,0.0840377043494712,0.0485191912282454,0.529137755,0.0726716494148634,0.0419569963521255,7,1,0.577350269189626
Moose,2007,66.89,6.58968132765159,3.80455428839349,7448.43333333333,1248.31331136591,720.714026350104,0.594967851666667,0.0597421379043156,0.0344921394010204,0.295816055,0.046239441570255,0.0266963540377647,6,1,0.577350269189626
Moose,2008,155.386666666667,12.9780751012364,7.49289515326204,53574.7505666667,3129.2367790787,1806.66569675916,1.00461627633333,0.0262532000992681,0.0151572921444016,0.549291201,0.0217110390823517,0.0125348742585823,6.66666666666667,1.15470053837925,0.666666666666667
Moose,2009,74.32,5.58429941890655,3.22409677274117,50762.8085366667,6067.77032025866,3503.22882778216,0.984682519666667,0.174220012803359,0.100585971290239,0.472454011,0.117511105979886,0.0678450686702579,5.66666666666667,1.15470053837925,0.666666666666667
Moose,2010,124.99,22.9125664210712,13.2285763910306,22115.1,7174.27140830342,4142.06752882342,1.268831406,0.0919769558001669,0.0531029201904687,0.598270810333333,0.0402357501681331,0.0232301211906182,9.33333333333333,1.15470053837925,0.666666666666667
Moose,2011,69.0733333333333,13.722136616917,7.92247926963383,28729.4666666667,7388.96677914668,4266.02195897354,1.32356404066667,0.126886990737099,0.0732582382587257,0.691653577666667,0.0443193938022308,0.025587813942039,5.33333333333333,0.577350269189626,0.333333333333333
Moose,2012,11.962567135,5.84199395691978,3.3728767836318,1878.77666666667,278.961423199218,161.05845277759,1.890493317,0.220906972854184,0.127540700243229,0.778932336666667,0.0456477215094634,0.0263547243013818,14.3333333333333,2.08166599946613,1.20185042515466
Moose,2013,168.94011001,97.6379419016942,56.3712920400642,18312.1273833333,2823.33529754893,1630.05339405244,1.40716543266667,0.14466397559769,0.0835217852533678,0.613324868333333,0.0341048678409179,0.0196904546286305,12.3333333333333,2.08166599946613,1.20185042515466
Moose,2014,97.9259653733333,7.43429342954794,4.29219131278417,49110.0266666667,10780.8321579567,6224.31634848448,1.48860379,0.0832415336011406,0.0480595218323758,0.698883495,0.0148296969127981,0.00856192950460453,10,1,0.577350269189626
Moose,2015,123.507318933333,5.93304684611626,3.42544619371988,49178.4086733333,16451.0662721429,9498.02754067806,1.38871966666667,0.023469271022623,0.0135499899425957,0.680860333333333,0.00992047707186173,0.00572759010792888,8,0,0
Moose,2016,41.9619633333333,6.62108847040525,3.8226872107168,31342.5666666667,5680.18814729172,3279.4581558866,1.4587,0.122631317370401,0.0708012240948794,0.69,0.0458257569495584,0.0264575131106459,11.3333333333333,0.577350269189626,0.333333333333333
Moose,2017,45.65467,4.87691546984362,3.4485,4904.875,321.882077863928,227.605,0.90575,0.103591143443829,0.07325,0.365,0.0636396103067893,0.045,9,1.4142135623731,1
Moose,2018,195.683635766667,21.0724967762573,12.1662116862697,22977.8879033333,4583.60968523287,2646.34828562937,0.872355776666667,0.156368084529923,0.0902791556960171,0.432909740333333,0.0671999135229806,0.0387978881620124,6,1.73205080756888,1
Moose,2019,68.6333333333333,3.60185137579736,2.07952986139763,18132.67492,1015.13367837837,586.087702475204,1.272581271,0.190159870812095,0.109788852602428,0.567769812333333,0.0510169881940367,0.029454671867071,9,1.73205080756888,1
Moose,2020,52.4567999866667,7.80025505128338,4.5034793536062,8697.51172566667,1741.34441247673,1005.36566529529,1.68005212666667,0.0679467592148007,0.0392290797232278,0.737783372,0.00317184935020139,0.00183126807616771,10,2,1.15470053837925
Moose,2021,16.8966666666667,4.08695893462772,2.35960684107426,2224.30251533333,656.033264249869,378.760981712011,1.50795935633333,0.121781640896806,0.0703106631541251,0.724241512666667,0.0386432109994036,0.0223106682728571,7,1,0.577350269189626
Nema,1995,NA,NA,NA,13575.5333333333,1822.71249058466,1052.34354709435,0.602662181333333,0.0550708971642387,0.0317951973022874,0.267844095333333,0.0291227974963042,0.0168140549740462,7,0,0
Nema,1996,NA,NA,NA,49933.6666666667,14393.2334912393,8309.93723067616,0.354576146333333,0.101500966953515,0.0586016105936195,0.165170026,0.0605411176524688,0.0349534305736937,7.66666666666667,0.577350269189626,0.333333333333333
Nema,1997,NA,NA,NA,22719.3333333333,5661.28716223911,3268.54566707852,0.577759776,0.105035539735156,0.0606422971405702,0.295075984333333,0.0648549066827932,0.0374439978315787,5.33333333333333,0.577350269189626,0.333333333333333
Nema,1998,225.6,27.9667230829785,16.1465951003093,42018,4477.51393074326,2585.09387321492,0.998114844,0.0740110571464262,0.042730303766498,0.555149170333333,0.0399516999156934,0.0230661247009087,7.66666666666667,0.577350269189626,0.333333333333333
Nema,1999,87.6,26.5527343224761,15.3302283088022,9047,1351.04070997139,780.023717588126,1.252309185,0.0745619410775505,0.0430483567524248,0.653753465,0.0255339941723236,0.0147420584088774,8.66666666666667,0.577350269189626,0.333333333333333
Nema,2000,172.576666666667,18.9069678513857,10.9159429785572,23732.6666666667,170.118586090213,98.2180114733432,1.04513229066667,0.0469411340726078,0.0271014763928864,0.585659040333333,0.0132398365139945,0.00764402317538134,8,0,0
Nema,2001,39.93,6.16172865355169,3.5574756968015,8599.33333333333,3844.92136894025,2219.8663873706,0.824940375,0.113789274710834,0.0656962683851924,0.390395566,0.0579296902518964,0.033445722261004,8.33333333333333,1.52752523165195,0.881917103688197
Nema,2002,198.523333333333,11.5903638136744,6.69169966783062,52558.6666666667,7989.56928334271,4612.77997644708,1.02010230566667,0.0434834478279368,0.0251051803087523,0.543368401,0.0145452155951082,0.00839768413925687,7.66666666666667,0.577350269189626,0.333333333333333
Nema,2003,82.67,34.9497310433142,20.1782366259625,30160.3333333333,8328.32061902838,4808.35815129355,0.602772603,0.266171814448493,0.153674368722529,0.285801920666667,0.150050641252697,0.0866317781193208,7,0,0
Nema,2004,175.703333333333,13.7391751329304,7.93231646144079,26301,1339.45996580712,773.337571827465,0.966895641,0.14067468886928,0.0812185694868454,0.488797176333333,0.0834249270947639,0.0481654041152868,7,0,0
Nema,2005,118,12.2657082958955,7.0816099864367,17551.3333333333,1363.94513574899,787.474091284561,0.699489973,0.0310076445918876,0.0179022719520625,0.434268864,0.0494871989731216,0.0285714476485723,4.66666666666667,0.577350269189626,0.333333333333333
Nema,2006,60.5733333333333,7.15165948108083,4.12901252655456,36227.6,5560.47786885264,3210.34339440503,0.253259064333333,0.0976938999025934,0.0564035994069467,0.098089652,0.0435783762532788,0.0251599872606773,5,0,0
Nema,2007,140.56,64.1509353010539,37.0375597648297,12093.2,2866.04239326637,1654.71034726122,1.15268091033333,0.0327805482489832,0.0189258583557339,0.648922107333333,0.014641441810844,0.008453240370815,5.66666666666667,0.577350269189626,0.333333333333333
Nema,2008,188.173333333333,34.3199713480844,19.8146446963968,46045.9484133333,13857.7767335286,8000.79112747247,0.766995547,0.0601556541330005,0.0347308831069658,0.468182882666667,0.045289738533279,0.0261480427337164,4.33333333333333,0.577350269189626,0.333333333333333
Nema,2009,168.47,131.039428035992,75.6556490510347,66926.9539133333,56877.6620473487,32838.3334939134,0.455827361666667,0.221900334647706,0.128114217942121,0.177511498,0.100092495009206,0.0577884289374261,6.33333333333333,0.577350269189626,0.333333333333333
Nema,2010,94.9033333333333,5.33164452428454,3.07822640131907,26638.7,3858.34273879343,2227.61521886823,0.896913249,0.0917760721147245,0.0529869399406027,0.485419555,0.06516561286158,0.0376233841275402,5,0,0
Nema,2011,122.936666666667,5.07725647700934,2.93135539374612,76036.1333333333,10153.7738778906,5862.28408169072,0.459525958333333,0.124464637675459,0.0718596920665153,0.217252895333333,0.0670932499909282,0.0387363059430693,6,1,0.577350269189626
Nema,2012,155.092564833333,42.9997715502646,24.8259296796377,54189.3233333333,11984.9561996877,6919.51768811559,0.432983924333333,0.0821641604013939,0.0474375001254844,0.161377768666667,0.0336886136846773,0.0194501301794737,8.33333333333333,1.15470053837925,0.666666666666667
Nema,2013,57.5574994133333,10.7500181605889,6.20652587880936,70215.4152633333,3406.69482923583,1966.85617670621,0.375092303333333,0.0670731978438906,0.0387247288305793,0.135406757666667,0.0259460067648138,0.0149799339900611,9.66666666666667,0.577350269189626,0.333333333333333
Nema,2014,116.67880123,18.4799306671332,10.669392945275,30682.79,1232.27910024475,711.456670243054,1.413161222,0.0935817532695725,0.0540294504414248,0.636860220333333,0.061435575565453,0.0354698460905339,11.3333333333333,0.577350269189626,0.333333333333333
Nema,2015,164.880274233333,12.747746576913,7.35991491774184,64289.7351,8415.19674213464,4858.5161043551,1.05488333333333,0.0436342040758547,0.0251922194690698,0.57425,0.0411010949245881,0.0237297282186993,5.66666666666667,0.577350269189626,0.333333333333333
Nema,2016,86.2850566666667,44.2689085563235,25.5586662717243,17535.7233333333,3157.41971451901,1822.93712212218,1.39553333333333,0.0529952199102272,0.0305968044809331,0.68,0.0346410161513775,0.02,9.33333333333333,0.577350269189626,0.333333333333333
Nema,2017,68.6555033333333,15.5121142548085,8.95592334071392,21533.8166666667,3719.98600966903,2147.73492406406,0.9507,0.279391893225269,0.161306984763008,0.48,0.165227116418583,0.0953939201416946,7,1,0.577350269189626
Nema,2018,180.704979,64.0960603063646,37.0058776718741,27988.5858133333,2612.4814061435,1508.31684308984,1.167773664,0.111397033573039,0.0643151073203197,0.639165293666667,0.0297536668175377,0.0171782875464838,5.33333333333333,1.52752523165195,0.881917103688197
Nema,2019,64.9,7.95047168412039,4.5902069670114,16161.6758633333,2049.62157999633,1183.34957094775,0.501947510333333,0.016680316541006,0.00963038524511801,0.210248274,0.0117724892408827,0.0067968498322556,8.33333333333333,1.52752523165195,0.881917103688197
Nema,2020,36.2499616933333,7.69042830516196,4.44007085216877,8571.20480466667,3016.97087624336,1741.84894753637,1.40123068,0.349302518402276,0.201669903028168,0.648806244333333,0.129997219480661,0.0750539296610624,8,1,0.577350269189626
Nema,2021,30.5233333333333,4.57455280145867,2.64111929134432,15653.943427,5468.69513191576,3157.35260652756,0.834518929,0.185958042042333,0.107362925631117,0.438814436333333,0.094933605810285,0.0548099428697099,6.66666666666667,1.52752523165195,0.881917103688197
Slipper,1995,NA,NA,NA,5646.16666666667,1329.43960499653,767.552313816097,0.868483788666667,0.213601736744816,0.123323020208991,0.462764787666667,0.131501066314819,0.0759221760355835,7.66666666666667,0.577350269189626,0.333333333333333
Slipper,1996,NA,NA,NA,30679.3333333333,6679.20184852452,3856.23898521748,0.933133483666667,0.0175364500300192,0.010124674145462,0.446407682666667,0.00892729342942644,0.00515417526461413,8.33333333333333,0.577350269189626,0.333333333333333
Slipper,1997,NA,NA,NA,19358.3333333333,2582.18170029402,1490.82329976128,0.945834858333333,0.03855729362201,0.0222610638518909,0.508660207666667,0.0283397326652336,0.0163619522830347,7,0,0
Slipper,1998,134.266666666667,5.41863759014508,3.12845187131129,28445,4481.22717567409,2587.2377161753,0.975275914,0.0531475463253785,0.0306847501777254,0.514010294666667,0.0442599473799341,0.0255534925341236,9,0,0
Slipper,1999,133.963333333333,14.1743018640543,8.18353699678677,38875,844.044430110169,487.30927893211,1.373826686,0.0983121144513056,0.0567605257430626,0.661753393,0.0426984224380493,0.0246519456885801,8.66666666666667,0.577350269189626,0.333333333333333
Slipper,2000,105.643333333333,4.86214287463186,2.80715949750712,33093.3333333333,4930.41157849254,2846.57445205832,1.28261759333333,0.0135092984526791,0.00779959709821727,0.643188486333333,0.00118701106304212,0.000685321156778434,8.33333333333333,0.577350269189626,0.333333333333333
Slipper,2001,47.3466666666667,5.90401840557203,3.40868661575752,12624.6666666667,2896.95432020136,1672.55735659831,1.10982065633333,0.104106943112145,0.0601061716303061,0.562694756333333,0.0866375762842356,0.0500202279896401,8,1,0.577350269189626
Slipper,2002,147.823333333333,11.0655426135971,6.38869400668956,40881.3333333333,2879.82296909608,1662.66656642609,1.02109428733333,0.0975334806408892,0.0563109813030185,0.548571323333333,0.0319993376478418,0.0184748262048712,9.33333333333333,0.577350269189626,0.333333333333333
Slipper,2003,151.826666666667,20.1034632173995,11.6067399002093,22251,2694.19728305111,1555.49552661952,1.248733164,0.0887088246737393,0.0512160638048787,0.636441823333333,0.0552600910537786,0.0319044284453423,8.33333333333333,0.577350269189626,0.333333333333333
Slipper,2004,207.133333333333,15.6202059312076,9.0183300991801,70440.6666666667,6976.60951561239,4027.94738186972,0.98894816,0.0744437872497568,0.0429801406081423,0.537153949666667,0.0519927947396559,0.0300180540388613,9,0,0
Slipper,2005,185.903333333333,11.784296047424,6.8036664951905,36290,5223.00028719126,3015.50062178737,1.131622832,0.0719280336118319,0.0415276695680716,0.596909498333333,0.0175091416031692,0.010108907617869,7.33333333333333,0.577350269189626,0.333333333333333
Slipper,2006,106.07,3.19810881615995,1.84642898590766,40764.2333333333,8844.39427452968,5106.31341521889,0.587188323,0.156668168294613,0.0904524091383403,0.257356742,0.0737680813495056,0.0425900216247393,8.33333333333333,1.15470053837925,0.666666666666667
Slipper,2007,141.473333333333,20.7360129565289,11.9719426623715,13945.6,1374.72919878789,793.700272983028,1.472799783,0.0604751818001533,0.0349153624916101,0.711357805666667,0.0288387661727363,0.016650069412926,8.33333333333333,0.577350269189626,0.333333333333333
Slipper,2008,242.226666666667,22.9800921088958,13.2675623650734,45139.0952333333,2988.17602977512,1725.22423517665,1.33870177633333,0.040418697501409,0.0233357458827325,0.679450326,0.0269508502451289,0.0155600806439145,9,1,0.577350269189626
Slipper,2009,201.526666666667,28.3701680173617,16.3795241417787,32098.1639933333,3542.37361994292,2045.19036304427,0.772644316666667,0.125526665782803,0.0724728542801774,0.395944885333333,0.0792842449496688,0.0457747801641875,7,0,0
Slipper,2010,196.14,64.0732050080219,36.9926821592235,23478.8,9036.55772570507,5217.25903548342,1.298773383,0.132849930450875,0.0767009431076359,0.646002023333333,0.0680430682681251,0.0392846837810901,7.33333333333333,0.577350269189626,0.333333333333333
Slipper,2011,177.336666666667,9.35984152287491,5.40390702280407,50899.8,2023.58219996125,1168.31572787496,0.880226925,0.168200241163252,0.0971104545133635,0.416617554333333,0.0876956754914789,0.0506311218517714,7.66666666666667,0.577350269189626,0.333333333333333
Slipper,2012,131.8487629,9.4366191336263,5.44823459703912,28724.2033333333,4396.03338778646,2538.0510598051,1.573782559,0.00397070483155692,0.00229248750337194,0.766553271666667,0.00597140613268151,0.00344759293814425,8,0,0
Slipper,2013,178.599228333333,64.4484944538391,37.2093556217901,38590.5850333333,4107.03731725741,2371.19910069041,1.19818551666667,0.167316698046587,0.0966003406571161,0.562834917333333,0.0891183919332215,0.051452527572392,7,0,0
Slipper,2014,193.892167566667,15.9833727043625,9.2280045334218,43051.0533333333,8758.81702099281,5056.90536485287,1.17712662433333,0.0341947906680649,0.0197423715970902,0.541413046,0.0421464107388467,0.0243332415854497,9.66666666666667,0.577350269189626,0.333333333333333
Slipper,2015,129.1451055,11.1666380577924,6.44706148860955,53266.00609,4785.4615222857,2762.88749808824,1.10941266666667,0.153519472746402,0.0886345089159847,0.560018666666667,0.0759392979315277,0.0438435741028387,7.33333333333333,0.577350269189626,0.333333333333333
Slipper,2016,169.354153333333,20.1940004384826,11.6590115891733,49481.4266666667,2632.33792288022,1519.78100837295,1.0764,0.0744582433314137,0.0429884868307784,0.56,0.0529150262212918,0.0305505046330389,7.66666666666667,2.08166599946613,1.20185042515466
Slipper,2017,111.0234,9.51159740830635,5.49152332410902,37846.88,2056.13392066276,1187.10947258456,1.00076666666667,0.0947758583887972,0.0547188673534499,0.46,0.05,0.0288675134594813,6.33333333333333,1.15470053837925,0.666666666666667
Slipper,2018,151.938202,10.0456877109266,5.79988050409841,41830.1630133333,244.274392281746,141.031886139998,0.692454601333333,0.0738118464973029,0.0426152894446011,0.356950826,0.0479752636261608,0.0276985313690072,7.66666666666667,1.52752523165195,0.881917103688197
Slipper,2019,100.466666666667,3.47035060668708,2.00360785695316,10098.567307,1892.38842838532,1092.5709685396,1.438789035,0.049415764210573,0.0285302047691854,0.691541287333333,0.0146481987921994,0.00845714151581947,9.33333333333333,1.15470053837925,0.666666666666667
Slipper,2020,46.4424248233333,11.1566368993811,6.44128731710859,15858.1577766667,2202.72220545781,1271.74225827103,1.36440772733333,0.108065390438202,0.0623915822595779,0.654904406333333,0.0557754594071738,0.0322019765029068,9,1,0.577350269189626
Slipper,2021,118.63,1.6974097914175,0.980000000000003,29415.5863733333,2329.2998222326,1344.82187938934,0.889068855333333,0.345526125055581,0.199489601312888,0.399336419666667,0.164965517601487,0.0952428859942244,6,1.73205080756888,1
S2,1995,NA,NA,NA,NA,NA,NA,NA,NA,NA,NA,NA,NA,NA,NA,NA
S2,1996,NA,NA,NA,NA,NA,NA,NA,NA,NA,NA,NA,NA,NA,NA,NA
S2,1997,NA,NA,NA,20361,2539.30521993714,1466.06855228533,1.49933160733333,0.121089195223493,0.0699108794582389,0.685011225333333,0.0462255783194847,0.0266883500862006,10.6666666666667,0.577350269189626,0.333333333333333
S2,1998,97.96,76.2321434829167,44.0126485607641,41104,5220.25698601132,3013.91677611266,0.698225419,0.0848680750851559,0.0489986059960202,0.306569450666667,0.0442295082704737,0.0255359185060828,7.66666666666667,1.15470053837925,0.666666666666667
S2,1999,21.7766666666667,1.26215424308336,0.728705092003007,8911.33333333333,2497.63594891916,1442.01078744617,1.453108293,0.101826824781771,0.0587897446984804,0.661753513666667,0.0521626409109164,0.0301161147715594,10.6666666666667,0.577350269189626,0.333333333333333
S2,2000,51.53,3.93714363466714,2.2731109373133,23285,260.628087511688,150.47369648325,1.25310896966667,0.118050972800095,0.0681567609242318,0.600078942666667,0.0703947406420211,0.0406424224592048,9,1,0.577350269189626
S2,2001,32.6766666666667,1.62899764681639,0.94050222989871,12937.3333333333,5002.39845807322,2888.13609636234,0.930073132,0.249955139394428,0.144311667014704,0.397526552666667,0.122404516947879,0.070670280809884,9.33333333333333,0.577350269189626,0.333333333333333
S2,2002,3.87666666666667,3.05013660896251,1.76099719224964,17907.6666666667,2273.40236943075,1312.54946996717,0.943107604666667,0.0547139723580338,0.0315891266693445,0.499472911666667,0.0296773829438788,0.0171342450314921,9,0,0
S2,2003,10.2133333333333,15.313658391558,8.84134479464396,26164.6666666667,9926.40752404078,5731.01405609087,0.953918216666667,0.187359368778532,0.108171981999484,0.419984207333333,0.104727446296532,0.0604644193108449,10,1,0.577350269189626
S2,2004,63.47,1.9948182874638,1.15170887525161,12617,403.364599339109,232.88266001,0.911048349333333,0.0723073223423039,0.0417466520187102,0.383724441333333,0.0378552115021366,0.0218557165509888,9,0,0
S2,2005,76.92,5.9064287010003,3.41007820047185,14382.6666666667,1491.47086238161,861.101103884504,0.798263017,0.135359722297541,0.0781499721059185,0.344881744333333,0.0665335966755579,0.0384131899507874,9.66666666666667,0.577350269189626,0.333333333333333
S2,2006,117.603333333333,4.4344597566483,2.56023653421146,13934.8,728.843584042557,420.798039444102,1.49481379866667,0.0834027987299343,0.0481526282978958,0.717360985333333,0.0427996043692568,0.0247103631037999,8.33333333333333,0.577350269189626,0.333333333333333
S2,2007,9.06333333333333,9.74963760010255,5.6289558929205,29015.6,1552.86708703611,896.548230716005,0.368032899666667,0.0740540392198894,0.0427551194781822,0.164374713,0.0376267496371198,0.0217238140317218,8,1,0.577350269189626
S2,2008,43.2466666666667,18.9957214480876,10.9671848915045,33337.5020466667,1179.55969442672,681.019107102498,0.489879905,0.0758353884267892,0.0437835819223066,0.223390592333333,0.0552876403347204,0.03192033403011,9.33333333333333,1.15470053837925,0.666666666666667
S2,2009,60.13,10.0258416105582,5.78842235270832,30576.7608,2041.91331325475,1178.89920106951,1.100046616,0.131029203795799,0.0756497460832071,0.555645453666667,0.0817277529718179,0.0471855401785423,8.66666666666667,1.15470053837925,0.666666666666667
S2,2010,63.6066666666667,14.5152551935312,8.38038649334133,11769.2666666667,7267.2950685474,4195.77476410628,1.23011634033333,0.0980477605772987,0.0566079009627434,0.538985498,0.0457011435862817,0.0263855675518135,9,0,0
S2,2011,57.4233333333333,3.83257528736662,2.21273837385063,12531.8666666667,2585.75445147704,1492.88602861854,1.32130114066667,0.147767225698691,0.0853134475345436,0.644020980666667,0.0627795841962618,0.0362458098353245,7.33333333333333,0.577350269189626,0.333333333333333
S2,2012,36.6302003633333,11.557743589641,6.67286637270388,16457.52,2024.98461646009,1169.12541341808,1.32543122533333,0.0666637266585417,0.0384883205314927,0.660381770333333,0.0280995943016879,0.0162233083341988,9.66666666666667,0.577350269189626,0.333333333333333
S2,2013,23.3034767366667,8.10411769426598,4.67891453232887,74010.7924566667,23138.526408214,13359.0344504336,0.681566479,0.191394486821514,0.110501658487811,0.372898689666667,0.146656622459027,0.0846722404551607,9,2,1.15470053837925
S2,2014,102.636439326667,27.8558605770967,16.0825886026955,112912.27,36687.0935062441,21181.303311615,0.908586972333333,0.110667814432117,0.0638940924530101,0.472066923,0.06944224273317,0.0400924975351271,8.33333333333333,0.577350269189626,0.333333333333333
S2,2015,86.5300509366667,12.5560021299,7.24921120964326,36272.09534,2456.71900219739,1418.38737724193,0.869196666666667,0.038741235206603,0.0223672625752708,0.399073666666667,0.0277120288924022,0.0159995473408191,9,0,0
S2,2016,46.216465,15.8584747005016,11.213635,89932.6633333333,11079.2961776745,6396.63463061198,0.614966666666667,0.0691159412388584,0.0399041072795493,0.323333333333333,0.0321455025366432,0.0185592145427667,11,1,0.577350269189626
S2,2017,18.6665266666667,3.48699702002071,2.01321866817238,62523.8566666667,20406.3124766243,11781.5900015467,1.1979,0.0224715375530914,0.0129739482553821,0.51,0.02,0.0115470053837925,12.3333333333333,0.577350269189626,0.333333333333333
S2,2018,29.4738603866667,5.28533912195471,3.05149196481901,60370.9585066667,11570.4567531441,6680.20632107467,1.56214111633333,0.0299591449086784,0.0172969203777165,0.687360291666667,0.0106849746686379,0.00616897300122244,12.3333333333333,0.577350269189626,0.333333333333333
S2,2019,65.1666666666667,5.90028247911346,3.40652967761099,35408.88895,9136.34532533933,5274.87143299404,1.60650535166667,0.139435396438592,0.080503063668383,0.723044103666667,0.0468263205622182,0.0270351887817564,12.3333333333333,1.52752523165195,0.881917103688197
S2,2020,48.3270437766667,8.33055319614003,4.80964713028994,29573.0961766667,7112.96055599308,4106.66969173779,1.591094746,0.0716666900839508,0.0413767828118985,0.686452532,0.0189195008147228,0.0109231788883136,14,0,0
S2,2021,39.9833333333333,20.7779939679781,11.9961804106326,30122.7674,1627.97571917479,939.912219699737,0.665494435,0.141240275549793,0.0815451111090902,0.309632227666667,0.0878078107429157,0.0506958631693741,8,1,0.577350269189626
S3,1995,NA,NA,NA,NA,NA,NA,NA,NA,NA,NA,NA,NA,NA,NA,NA
S3,1996,NA,NA,NA,NA,NA,NA,NA,NA,NA,NA,NA,NA,NA,NA,NA
S3,1997,NA,NA,NA,22451.3333333333,3893.48716876444,2247.9058649725,0.848805390333333,0.18796677919052,0.108522670564354,0.400341295333333,0.110261792679449,0.0636596756848105,10.3333333333333,1.15470053837925,0.666666666666667
S3,1998,41.5466666666667,3.87062441129766,2.23470604579464,21271.6666666667,2709.93769916087,1564.58326009765,0.624500782,0.137549477346551,0.0794142277729235,0.260502143666667,0.0681629388249844,0.0393538910793608,8,0,0
S3,1999,28.6066666666667,13.6223394955982,7.86486137477607,12333.6666666667,4597.79657372239,2654.53908951776,1.19613191266667,0.400999664915478,0.231517264483901,0.533869425333333,0.194395335632848,0.112234199356832,10,0,0
S3,2000,73.7,4.74203542795707,2.73781543083776,18866.6666666667,2623.11748370776,1514.45758533469,1.39750172466667,0.0424862556834681,0.0245294511557096,0.698431005,0.0256083488006803,0.0147849870735746,8.66666666666667,0.577350269189626,0.333333333333333
S3,2001,26.34,5.58232030610928,3.22295413143491,14198.6666666667,5571.13501302323,3216.49629946071,0.833264471333333,0.258946590203719,0.149502883559853,0.357798388333333,0.137172998100234,0.079196867378718,10.3333333333333,1.52752523165195,0.881917103688197
S3,2002,40.86,5.23280995259717,3.02116423475013,23510,7287.2773379363,4207.31153271698,0.593566816666667,0.142924606038661,0.0825175597702421,0.234748792666667,0.0639712792341632,0.0369338352862488,8.66666666666667,1.15470053837925,0.666666666666667
S3,2003,34.95,18.3779569049446,10.6105183662251,19390,1327.50028248585,766.432645442507,0.870417619333333,0.142787208315609,0.0824382331578518,0.353873678,0.0679023172749206,0.0392034211572748,10,0,0
S3,2004,58.1833333333333,1.53643526818845,0.887061315681038,17973.3333333333,2563.188704199,1479.8576883531,0.930318738,0.115549657875467,0.06671262607917,0.410559430666667,0.0635526278223623,0.036692126780949,9.66666666666667,1.15470053837925,0.666666666666667
S3,2005,77.52,9.25719179881243,5.34464217698435,26131.6666666667,4438.13748472637,2562.35987150734,0.890959472,0.130300300980053,0.0752289138463226,0.470441513666667,0.0747107323657479,0.0431342614427186,10,0,0
S3,2006,47.43,8.21200949828969,4.74120589442531,14114.4,1594.54768821757,920.61253702811,1.30332740966667,0.166248028089294,0.0959833437695985,0.620171728666667,0.0899559633402695,0.0519360996497167,8,1,0.577350269189626
S3,2007,4.98666666666667,1.12055045996748,0.646950109702784,15165.2333333333,4480.52527761348,2586.83247514106,0.247505515666667,0.042666338554646,0.0246334220498606,0.0875347326666667,0.0133109344978657,0.00768507161550826,9,1.73205080756888,1
S3,2008,56.9166666666667,5.62524962409077,3.24773938472765,38090.69572,13966.5725803336,8063.60443891204,0.458800175,0.0401319838538027,0.0231702116811067,0.193372618666667,0.0236098556222511,0.0136311564990349,9.33333333333333,0.577350269189626,0.333333333333333
S3,2009,38.95,7.09296129976754,4.09512311577239,18318.5069766667,2054.53102199606,1186.18403860786,0.873481983,0.0990876870142791,0.0572083027710714,0.441012754333333,0.0609075199017417,0.0351649730109431,9.66666666666667,2.08166599946613,1.20185042515466
S3,2010,99.2866666666667,23.7273225066237,13.6989760363483,19378,3660.40551988438,2113.33611224844,0.867582105,0.124017296817724,0.0716014197018825,0.388812934666667,0.0642100496192364,0.0370716894323454,8.66666666666667,0.577350269189626,0.333333333333333
S3,2011,103.893333333333,4.95199286483061,2.85903441353506,20055.3333333333,2313.64962198975,1335.78623206626,1.21287787366667,0.209224021675158,0.120795545235089,0.594994995,0.0866814198854354,0.0500455411045951,9.66666666666667,0.577350269189626,0.333333333333333
S3,2012,92.7336680566667,19.7654039994793,11.4115613197411,17986.4233333333,6092.17539220871,3517.31910264211,1.29340740033333,0.110843509617959,0.0639955301158517,0.638840124,0.0452344432460117,0.0261161179847277,10,1,0.577350269189626
S3,2013,63.7636534366667,13.276933711893,7.66544125257426,42692.7996966667,12090.5325169739,6980.47220332082,0.937269420333333,0.106655324804643,0.0615774804864676,0.476108125,0.0450754808829648,0.0260243410216316,10.3333333333333,1.15470053837925,0.666666666666667
S3,2014,68.5264931366667,5.44618044793285,3.14435374766931,43679.83,11348.561021504,6552.09476068023,0.870489940333333,0.0702852975242236,0.0405792354456834,0.509979761333333,0.0337087188484306,0.0194617379011788,8.33333333333333,1.15470053837925,0.666666666666667
S3,2015,93.3122927233333,11.0739096803311,6.39352473492076,30679.38822,4672.30667787918,2697.55751821003,1.21140966666667,0.0466367488182156,0.0269257394843257,0.613649666666667,0.0170974347881001,0.00987120857736164,8,0,0
S3,2016,28.605735,6.02418915125098,4.259745,49386.5566666667,7749.66279511782,4474.2699008901,1.07136666666667,0.0104222518360157,0.00601728990308576,0.57,0,0,12,0,0
S3,2017,29.4846366666667,5.79548718204375,3.34602608463798,110135.403333333,19822.1346431113,11444.3147721133,1.26033333333333,0.0324680355632017,0.0187454290724728,0.63,0.01,0.00577350269189626,13,1.73205080756888,1
S3,2018,17.44013416,3.89900806394088,2.25109335528879,48531.27965,4457.85178520669,2573.74192819654,1.67164384966667,0.0430951972721165,0.0248810237458365,0.742429697,0.0158132724233461,0.00912979709038775,12.6666666666667,0.577350269189626,0.333333333333333
S3,2019,129.733333333333,4.5544849690534,2.62953312290309,55398.3237466667,8306.23150646965,4795.60499621161,1.346516243,0.0644658949527493,0.03721940180452,0.633364129666667,0.018151020933204,0.0104794968218519,10,1,0.577350269189626
S3,2020,44.9573749233333,5.17936746988523,2.99030920297023,44002.8360666667,6625.5870584771,3825.28447175105,1.157556786,0.0711920187872604,0.0411027312109777,0.572434885,0.0282999759437624,0.0163389987291912,10.6666666666667,0.577350269189626,0.333333333333333
S3,2021,34.0766666666667,15.3088547361758,8.838571402916,15971.6617266667,1253.64449456038,723.791986402527,0.855831413666667,0.163554398834035,0.0944281761939775,0.455199775666667,0.0896693470224581,0.0517706216414742,7,1,0.577350269189626
Cujo,1995,NA,NA,NA,NA,NA,NA,NA,NA,NA,NA,NA,NA,NA,NA,NA
Cujo,1996,NA,NA,NA,NA,NA,NA,NA,NA,NA,NA,NA,NA,NA,NA,NA
Cujo,1997,NA,NA,NA,NA,NA,NA,NA,NA,NA,NA,NA,NA,NA,NA,NA
Cujo,1998,NA,NA,NA,NA,NA,NA,NA,NA,NA,NA,NA,NA,NA,NA,NA
Cujo,1999,110.6,27.3545626907103,15.7931641330461,29345.3333333333,1534.52022904012,885.955667313238,0.849493164666667,0.0345901830575121,0.019970651499573,0.489538695666667,0.0174231468090458,0.0100592585003329,7,1.73205080756888,1
Cujo,2000,108.38,9.74393144475063,6.89,148027,13206.8244101298,7624.96362832855,0.278754276666667,0.137203983295175,0.079214756689358,0.105953998666667,0.057295387042492,0.0330795071323066,7.33333333333333,1.15470053837925,0.666666666666667
Cujo,2001,136.293333333333,30.0863629130098,17.370369726763,96578.6666666667,84043.3399165772,48522.4449244311,0.156199623,0.0839157871951179,0.0484488023263607,0.0546438233333333,0.0331798115584761,0.0191563731349472,6.33333333333333,0.577350269189626,0.333333333333333
Cujo,2002,186.86,8.0725708420552,4.6607009487129,46426.6666666667,8912.06352834928,5145.3822771275,0.775052317,0.00777941290018941,0.0044914461320616,0.504945303333333,0.00138669783621824,0.000800610369025272,5.66666666666667,0.577350269189626,0.333333333333333
Cujo,2003,340.286666666667,216.225058291895,124.837595610368,78002.3333333333,46669.1298540409,26944.4346840761,0.331240575666667,0.0749164010083657,0.0432530042888979,0.155432037333333,0.0465890566657463,0.0268982044072594,5,1,0.577350269189626
Cujo,2004,214.953333333333,47.8909911500413,27.6498766322343,81652.3333333333,36207.7949802709,20904.5801786222,0.574674185,0.270180405082193,0.155988729603966,0.356878056666667,0.200090797693603,0.115522475910769,6.33333333333333,0.577350269189626,0.333333333333333
Cujo,2005,441.206666666667,25.6419779528283,14.8044028736199,32702.6666666667,797.655522975509,460.526630910502,0.926674789,0.117804853267644,0.0680146637459185,0.532978336666667,0.0798238766942529,0.0460863366971864,5,0,0
Cujo,2006,117.923333333333,13.2608986623582,7.65618341240885,145472.366666667,9667.6224348768,5581.60441519978,0.101577189666667,0.0198876670951338,0.0114821499509291,0.0372951453333333,0.00971031752923793,0.00560625443942226,4.33333333333333,0.577350269189626,0.333333333333333
Cujo,2007,375.386666666667,65.9687216287638,38.0870591904623,348239.633333333,76393.6176101992,44105.8756916178,0.240536942333333,0.0567575514829959,0.0327689876272517,0.0991469916666667,0.0276686586200938,0.015974507502427,5,0,0
Cujo,2008,269.986666666667,149.675326735349,86.4150901816987,46120.2116233333,13908.0118062451,8029.79436022808,0.095002495,0.0900102041617933,0.0519674156026246,0.0347680956666667,0.0359674614355639,0.0207658235418903,4.66666666666667,1.15470053837925,0.666666666666667
Cujo,2009,245.51,12.5735555830481,7.25934570054354,180654.421133333,13719.6961514087,7921.07026621571,0.0272551586666667,0.00730606693787446,0.00421815971329925,0.00744249666666667,0.00219369648065573,0.00126653125362692,5.66666666666667,0.577350269189626,0.333333333333333
Cujo,2010,199.3,35.5359353331244,20.5166818304845,53479.8,6795.31952228886,3923.27955542299,0.381192174666667,0.0655267653369952,0.0378318956064396,0.16273743,0.0382841705802287,0.0221033761901966,6.66666666666667,0.577350269189626,0.333333333333333
Cujo,2011,313.166666666667,132.878905148008,76.7176716568252,159281.5,41072.816185039,23713.4014808083,0.830618237,0.0339269398282809,0.0195877278426382,0.523096120333333,0.00825958616169394,0.00476867429384891,7.66666666666667,1.52752523165195,0.881917103688197
Cujo,2012,251.625281733333,39.5012704398014,22.8060691217515,122451.82,49345.5493444576,28489.6661973326,0.497546872666667,0.0330100907567078,0.0190583847843592,0.291946187,0.0245588889146745,0.0141790811258855,5,0,0
Cujo,2013,201.255654333333,42.6063340556049,24.5987784361866,92919.8009433333,53225.3416300009,30729.6653177908,1.155658766,0.161774127764225,0.0934003362125924,0.587413339333333,0.0555732073710048,0.0320852062353805,10,0,0
Cujo,2014,228.123104833333,2.51894370941897,1.45431282870656,103139.026666667,14972.4280576343,8644.33536949744,0.796569030333333,0.132871709822813,0.0767135174338869,0.423392148666667,0.0812490085812364,0.0469091369757671,4.33333333333333,0.577350269189626,0.333333333333333
Cujo,2015,299.450174933333,51.7158421283691,29.8581553741821,202112.2369,29259.2571209549,16892.8399750718,1.015959,0.0706619884591426,0.0407967180583602,0.563963,0.0191560101012711,0.0110597275885681,6,0,0
Cujo,2016,365.87501,32.4204368813053,18.7179479606669,49602.1566666667,275.780711677475,159.222068124297,0.7489,0.0427105373415039,0.0246589402313509,0.496666666666667,0.0251661147842359,0.0145296631451356,4.66666666666667,1.15470053837925,0.666666666666667
Cujo,2017,159.548133333333,27.2261167468413,15.719005832777,18523.8566666667,1631.20275506552,941.775349739936,0.7889,0.138786995067982,0.0801287089625186,0.47,0.0754983443527075,0.0435889894354067,5.66666666666667,0.577350269189626,0.333333333333333
Cujo,2018,369.266471066667,47.8270072962543,27.6129355370266,37003.05272,6468.09490166719,3734.3563326216,0.691399360666667,0.117780403151754,0.0680005474649277,0.328017111666667,0.0653453331437416,0.037727145680825,6.33333333333333,1.15470053837925,0.666666666666667
Cujo,2019,418.366666666667,51.9962819183577,30.0200673624235,36789.1823366667,5097.19139255513,2942.86482260275,0.649119574666667,0.0941028838589667,0.0543303253274945,0.335570675333333,0.042741540863664,0.0246768401232158,5.33333333333333,1.52752523165195,0.881917103688197
Cujo,2020,252.409256666667,41.060115835311,23.706068930474,23278.6896133333,498.669983265737,287.90724907526,0.347652196666667,0.120367069930646,0.0694939602260252,0.143583504,0.0534953179656299,0.030885536227841,4.33333333333333,1.15470053837925,0.666666666666667
Cujo,2021,327.473333333333,28.777113012485,16.6144739442585,23126.5036766667,812.125694660302,468.880988427937,0.351113097333333,0.145567756155092,0.0840435832014722,0.138043788666667,0.062360029837871,0.0360035800135679,5.66666666666667,0.577350269189626,0.333333333333333
LdS1,1995,NA,NA,NA,NA,NA,NA,NA,NA,NA,NA,NA,NA,NA,NA,NA
LdS1,1996,NA,NA,NA,NA,NA,NA,NA,NA,NA,NA,NA,NA,NA,NA,NA
LdS1,1997,NA,NA,NA,NA,NA,NA,NA,NA,NA,NA,NA,NA,NA,NA,NA
LdS1,1998,NA,NA,NA,NA,NA,NA,NA,NA,NA,NA,NA,NA,NA,NA,NA
LdS1,1999,NA,NA,NA,NA,NA,NA,NA,NA,NA,NA,NA,NA,NA,NA,NA
LdS1,2000,88.0733333333333,5.95127997436966,3.43597309522515,40735.3333333333,3976.85206329495,2296.03660927066,1.577646833,0.130156200748535,0.0751457175388655,0.742620820333333,0.0387246600510183,0.0223576929047322,8.66666666666667,0.577350269189626,0.333333333333333
LdS1,2001,70,7.32399481157653,4.22851037600713,22033.6666666667,3240.24957886477,1870.75896659915,1.202828857,0.055770581853033,0.0321991604457107,0.510562997,0.0175994445037777,0.010161044021844,9.33333333333333,0.577350269189626,0.333333333333333
LdS1,2002,44.1633333333333,0.754077803236067,0.435367022688265,26992,5378.15284275187,3105.07799150574,0.368139779333333,0.0852442471093403,0.0492157890154446,0.149181095666667,0.0487365397428882,0.0281380543399274,7.66666666666667,0.577350269189626,0.333333333333333
LdS1,2003,40.1633333333333,14.9847600358942,8.65145524046549,21818.6666666667,2660.35943686813,1535.95923701698,0.410714393,0.135909703484146,0.0784675038920541,0.184585418,0.081473023931548,0.0470384722985721,7.66666666666667,0.577350269189626,0.333333333333333
LdS1,2004,82.0866666666667,25.5052726574984,14.7254760345615,62685.6666666667,19386.5903741048,11192.8531711584,0.388221325666667,0.0632824510113508,0.0365361401263827,0.163796576,0.038479632027223,0.0222162259092349,7.66666666666667,1.15470053837925,0.666666666666667
LdS1,2005,98.89,15.7305403594409,9.08203171102149,24885.3333333333,2603.62561312746,1503.20394860814,0.394226863666667,0.0585292376185619,0.0337918710945403,0.145833228666667,0.0298892784415939,0.0172565829541379,8,1,0.577350269189626
LdS1,2006,302.213333333333,170.822223768845,98.6242568765131,50059.1333333333,10600.4182961491,6120.15435680434,0.873286118666667,0.185213426269702,0.106933021514345,0.409137538666667,0.103993326561898,0.0600405750844365,8.66666666666667,0.577350269189626,0.333333333333333
LdS1,2007,112.886666666667,88.5341292007401,51.1152033265164,18170.5,3093.05109721776,1785.77388359594,1.051014049,0.184853230381409,0.106725062321278,0.489172695666667,0.0877556904473169,0.0506657715026799,8.33333333333333,0.577350269189626,0.333333333333333
LdS1,2008,168.306666666667,42.3268642038757,24.4374264420604,38366.7620233333,12674.6302904083,7317.70121004624,0.417879445333333,0.031123616762318,0.017969228515879,0.173054098333333,0.0140545736606808,0.00811441188633948,8.33333333333333,0.577350269189626,0.333333333333333
LdS1,2009,66.79,11.5522335502707,6.66968514999022,47637.2295833333,5776.40768635966,3335.01053266878,0.252400808333333,0.0545619121818783,0.0315013346857082,0.0899958553333333,0.0241186259514161,0.013924895185534,8,1,0.577350269189626
LdS1,2010,181.193333333333,83.2137046004643,48.0434547513441,50753.5,4692.77990001662,2709.37773852226,0.529194731,0.213261063708272,0.123126332539637,0.210510915333333,0.099292132845346,0.0573263396266726,8.66666666666667,0.577350269189626,0.333333333333333
LdS1,2011,210.503333333333,86.9803450978055,50.2181256564245,46982.9666666667,1181.72980132234,682.272018902856,0.899257236,0.026792042587822,0.0154683930002189,0.425593962666667,0.00786620735958417,0.00454155693655733,9,0,0
LdS1,2012,110.303822906667,29.8500792053176,17.2339512645217,45982.5333333333,1312.20903717103,757.604240843756,1.58142783166667,0.093929922163713,0.0542304658461803,0.730802601333333,0.0338937413241461,0.0195685606773393,11,0,0
LdS1,2013,70.6555476233333,25.7975615851729,14.8942291256355,132681.2886,12274.9281755247,7086.93308642252,1.179478928,0.146149652786898,0.0843795413784859,0.550110944666667,0.0887656939475285,0.0512488972954095,10.3333333333333,1.52752523165195,0.881917103688197
LdS1,2014,304.3746046,67.4507029212601,38.942681488619,108251.173333333,14009.1549096451,8088.18935820277,1.645009079,0.0101809959489012,0.00587800075171658,0.753189892666667,0.00506971086743381,0.00292699893402648,12,1,0.577350269189626
LdS1,2015,137.608768633333,10.8109359816655,6.24169679920639,171231.1071,8545.915360913,4933.98653409488,1.38071333333333,0.0832390232062662,0.0480580724552193,0.653778666666667,0.0427177137184721,0.0246630835145252,9,1,0.577350269189626
LdS1,2016,119.9766,12.68980189198,7.3264605382977,132940.24,15641.6474684382,9030.70937647204,1.38073333333333,0.083243998782695,0.0480609451056099,0.653333333333333,0.0450924975282289,0.0260341655863555,9,1,0.577350269189626
LdS1,2017,70.77519,8.38954368542772,4.84370530515982,81381.3,6124.45988618588,3535.95856393048,1.45073333333333,0.0673903801245647,0.0389078541057086,0.71,0.02,0.0115470053837925,9,0,0
LdS1,2018,86.5304311966667,11.1451784863718,6.43467179927321,82431.3886433333,5300.03988232938,3059.97945277862,1.358912736,0.189123818106981,0.109190687294235,0.655100014,0.0659105927920216,0.0380534984909215,10.3333333333333,0.577350269189626,0.333333333333333
LdS1,2019,107.033333333333,12.8582010146573,7.4236858171067,39368.1553866667,9263.67856845774,5348.38731518525,0.900937469333333,0.217647026976683,0.12565856961331,0.384631161666667,0.105552360749006,0.0609406838920392,9.33333333333333,0.577350269189626,0.333333333333333
LdS1,2020,114.207825556667,14.3247950239014,8.27042426313568,73617.0182366667,16727.4949194852,9657.62369463286,0.684731894333333,0.0498096591320866,0.0287576201081537,0.331416234666667,0.0194664766974972,0.0112389755614736,9,1,0.577350269189626
LdS1,2021,123.416666666667,7.5544512264845,4.36156444919073,60245.9555866667,8158.80406860939,4710.48772527705,0.860935732333333,0.135125334495632,0.0780146482453913,0.492293649666667,0.0892033556418565,0.0515015813924437,7.33333333333333,0.577350269189626,0.333333333333333
Horseshoe,1995,NA,NA,NA,NA,NA,NA,NA,NA,NA,NA,NA,NA,NA,NA,NA
Horseshoe,1996,NA,NA,NA,NA,NA,NA,NA,NA,NA,NA,NA,NA,NA,NA,NA
Horseshoe,1997,NA,NA,NA,NA,NA,NA,NA,NA,NA,NA,NA,NA,NA,NA,NA
Horseshoe,1998,NA,NA,NA,NA,NA,NA,NA,NA,NA,NA,NA,NA,NA,NA,NA
Horseshoe,1999,NA,NA,NA,NA,NA,NA,NA,NA,NA,NA,NA,NA,NA,NA,NA
Horseshoe,2000,NA,NA,NA,NA,NA,NA,NA,NA,NA,NA,NA,NA,NA,NA,NA
Horseshoe,2001,125.95,13.5639927749907,7.83117487992702,37083.09028,3250.30087077863,1876.56208269132,0.726324083666667,0.152226993853898,0.0878882958794756,0.4052808,0.083330800235797,0.0481110599479243,6.33333333333333,0.577350269189626,0.333333333333333
Horseshoe,2002,198.166666666667,35.9633846201012,20.7634697913855,41954.9963833333,4827.5352795905,2787.17879319399,0.892524947666667,0.100475469183366,0.0580095391799704,0.487496648666667,0.0635350245432338,0.0366819635230055,6.66666666666667,0.577350269189626,0.333333333333333
Horseshoe,2003,NA,NA,NA,NA,NA,NA,NA,NA,NA,NA,NA,NA,NA,NA,NA
Horseshoe,2004,NA,NA,NA,NA,NA,NA,NA,NA,NA,NA,NA,NA,NA,NA,NA
Horseshoe,2005,NA,NA,NA,NA,NA,NA,NA,NA,NA,NA,NA,NA,NA,NA,NA
Horseshoe,2006,NA,NA,NA,NA,NA,NA,NA,NA,NA,NA,NA,NA,NA,NA,NA
Horseshoe,2007,NA,NA,NA,NA,NA,NA,NA,NA,NA,NA,NA,NA,NA,NA,NA
Horseshoe,2008,NA,NA,NA,NA,NA,NA,NA,NA,NA,NA,NA,NA,NA,NA,NA
Horseshoe,2009,NA,NA,NA,NA,NA,NA,NA,NA,NA,NA,NA,NA,NA,NA,NA
Horseshoe,2010,NA,NA,NA,NA,NA,NA,NA,NA,NA,NA,NA,NA,NA,NA,NA
Horseshoe,2011,NA,NA,NA,NA,NA,NA,NA,NA,NA,NA,NA,NA,NA,NA,NA
Horseshoe,2012,NA,NA,NA,NA,NA,NA,NA,NA,NA,NA,NA,NA,NA,NA,NA
Horseshoe,2013,NA,NA,NA,NA,NA,NA,NA,NA,NA,NA,NA,NA,NA,NA,NA
Horseshoe,2014,NA,NA,NA,NA,NA,NA,NA,NA,NA,NA,NA,NA,NA,NA,NA
Horseshoe,2015,NA,NA,NA,NA,NA,NA,NA,NA,NA,NA,NA,NA,NA,NA,NA
Horseshoe,2016,212.916666666667,64.0997444092668,37.0080046896764,34575.5374133333,3845.03836474372,2219.93393492922,0.964899774666667,0.118048072339735,0.0681550863426624,0.560882201,0.0321812434189495,0.0185798495507874,5.66666666666667,1.15470053837925,0.666666666666667
Horseshoe,2017,NA,NA,NA,NA,NA,NA,NA,NA,NA,NA,NA,NA,NA,NA,NA
Horseshoe,2018,174.3187418,5.94017699047073,3.4295627844823,64003.9947166667,5808.39631548165,3353.47917630336,0.831102158,0.0218725656628358,0.012628131673306,0.52224094,0.00683387007206078,0.00394553672571122,5.33333333333333,0.577350269189626,0.333333333333333
Horseshoe,2019,204.366666666667,36.5297595575626,21.0904665139911,38001.7203733333,1762.89126546692,1017.80574666936,0.645368901333333,0.067562322824786,0.0390071252699666,0.287998260666667,0.023337662107767,0.0134740055001758,6.33333333333333,1.15470053837925,0.666666666666667
Horseshoe,2020,314.998660666667,38.5699518769022,22.2683720987604,71771.7120433333,6193.00918679934,3575.53552109242,0.957560989,0.110594828193402,0.063851953828441,0.505456340333333,0.0889537224138549,0.0513574555810584,6,0,0
Horseshoe,2021,185.173333333333,27.0169804629113,15.5982609429527,29421.8437366667,922.305011822957,532.493046850925,1.06514834933333,0.198392252407893,0.114541820332833,0.574145785,0.0992856220007192,0.0573225805887746,5,0,0
HWL2,1995,NA,NA,NA,NA,NA,NA,NA,NA,NA,NA,NA,NA,NA,NA,NA
HWL2,1996,NA,NA,NA,NA,NA,NA,NA,NA,NA,NA,NA,NA,NA,NA,NA
HWL2,1997,NA,NA,NA,NA,NA,NA,NA,NA,NA,NA,NA,NA,NA,NA,NA
HWL2,1998,NA,NA,NA,NA,NA,NA,NA,NA,NA,NA,NA,NA,NA,NA,NA
HWL2,1999,NA,NA,NA,NA,NA,NA,NA,NA,NA,NA,NA,NA,NA,NA,NA
HWL2,2000,NA,NA,NA,NA,NA,NA,NA,NA,NA,NA,NA,NA,NA,NA,NA
HWL2,2001,NA,NA,NA,NA,NA,NA,NA,NA,NA,NA,NA,NA,NA,NA,NA
HWL2,2002,NA,NA,NA,NA,NA,NA,NA,NA,NA,NA,NA,NA,NA,NA,NA
HWL2,2003,NA,NA,NA,NA,NA,NA,NA,NA,NA,NA,NA,NA,NA,NA,NA
HWL2,2004,NA,NA,NA,NA,NA,NA,NA,NA,NA,NA,NA,NA,NA,NA,NA
HWL2,2005,NA,NA,NA,NA,NA,NA,NA,NA,NA,NA,NA,NA,NA,NA,NA
HWL2,2006,NA,NA,NA,NA,NA,NA,NA,NA,NA,NA,NA,NA,NA,NA,NA
HWL2,2007,NA,NA,NA,NA,NA,NA,NA,NA,NA,NA,NA,NA,NA,NA,NA
HWL2,2008,NA,NA,NA,NA,NA,NA,NA,NA,NA,NA,NA,NA,NA,NA,NA
HWL2,2009,NA,NA,NA,NA,NA,NA,NA,NA,NA,NA,NA,NA,NA,NA,NA
HWL2,2010,NA,NA,NA,NA,NA,NA,NA,NA,NA,NA,NA,NA,NA,NA,NA
HWL2,2011,NA,NA,NA,NA,NA,NA,NA,NA,NA,NA,NA,NA,NA,NA,NA
HWL2,2012,NA,NA,NA,NA,NA,NA,NA,NA,NA,NA,NA,NA,NA,NA,NA
HWL2,2013,NA,NA,NA,NA,NA,NA,NA,NA,NA,NA,NA,NA,NA,NA,NA
HWL2,2014,NA,NA,NA,NA,NA,NA,NA,NA,NA,NA,NA,NA,NA,NA,NA
HWL2,2015,NA,NA,NA,NA,NA,NA,NA,NA,NA,NA,NA,NA,NA,NA,NA
HWL2,2016,89.8333333333333,9.13165008820056,5.27216063656807,129294.328933333,11933.411688734,6889.75845084117,0.958012115666667,0.0390738498248974,0.0225592977146795,0.527747712333333,0.0244848045010313,0.0141363084697258,5.66666666666667,1.15470053837925,0.666666666666667
HWL2,2017,94.02,0.452548339959391,0.32,150986.154166667,10615.9831422664,6129.14072490001,1.263983274,0.0737557429029306,0.0425828980192878,0.642463404,0.0247507460689254,0.0142898499055381,7.66666666666667,0.577350269189626,0.333333333333333
HWL2,2018,102.401441826667,3.80029403304849,2.19410078298028,69358.5073866667,7978.94451545268,4606.6457638457,1.41571989133333,0.0188493397917774,0.0108826714028294,0.690786679666667,0.0105851034727328,0.00611131233938234,8,1,0.577350269189626
HWL2,2019,97.4666666666667,13.5071585958459,7.79836165129859,50384.8825666667,8974.4597385221,5181.40674586719,1.03887113666667,0.149950004634685,0.086573675540821,0.523378586666667,0.0877743111824392,0.0506765221891153,6,1,0.577350269189626
HWL2,2020,79.2178048133333,7.52930881035221,4.34704846846867,64882.50388,13368.4924442265,7718.30271133364,0.839042308666667,0.028428870385854,0.0164134159700298,0.398013785333333,0.0145737192006502,0.0084141407035894,7.66666666666667,1.15470053837925,0.666666666666667
HWL2,2021,107.793333333333,16.4397394545453,9.49148799948904,82084.6458166667,11429.8622615405,6599.03405350077,1.00549317866667,0.082452610324386,0.0476040367661716,0.470839511666667,0.0387096328450219,0.022349016943305,7.33333333333333,1.52752523165195,0.881917103688197
Ross,1995,NA,NA,NA,NA,NA,NA,NA,NA,NA,NA,NA,NA,NA,NA,NA
Ross,1996,NA,NA,NA,NA,NA,NA,NA,NA,NA,NA,NA,NA,NA,NA,NA
Ross,1997,NA,NA,NA,NA,NA,NA,NA,NA,NA,NA,NA,NA,NA,NA,NA
Ross,1998,NA,NA,NA,NA,NA,NA,NA,NA,NA,NA,NA,NA,NA,NA,NA
Ross,1999,NA,NA,NA,NA,NA,NA,NA,NA,NA,NA,NA,NA,NA,NA,NA
Ross,2000,NA,NA,NA,NA,NA,NA,NA,NA,NA,NA,NA,NA,NA,NA,NA
Ross,2001,NA,NA,NA,NA,NA,NA,NA,NA,NA,NA,NA,NA,NA,NA,NA
Ross,2002,76.5633333333333,46.5817800575862,26.8940032555793,31524.9029433333,4939.15087773718,2851.62008882974,0.849485072,0.0801651161982938,0.0462833514167026,0.391842345,0.0442419848987423,0.0255431218907723,7.66666666666667,0.577350269189626,0.333333333333333
Ross,2003,NA,NA,NA,NA,NA,NA,NA,NA,NA,NA,NA,NA,NA,NA,NA
Ross,2004,60.8033333333333,4.8737801892713,2.81387830424685,30470.0338466667,2248.9150359381,1298.41170138346,0.682471736,0.108053349790393,0.0623846305883239,0.310967267,0.024948375131288,0.0144039510978929,8.66666666666667,0.577350269189626,0.333333333333333
Ross,2005,NA,NA,NA,NA,NA,NA,NA,NA,NA,NA,NA,NA,NA,NA,NA
Ross,2006,NA,NA,NA,NA,NA,NA,NA,NA,NA,NA,NA,NA,NA,NA,NA
Ross,2007,NA,NA,NA,NA,NA,NA,NA,NA,NA,NA,NA,NA,NA,NA,NA
Ross,2008,NA,NA,NA,NA,NA,NA,NA,NA,NA,NA,NA,NA,NA,NA,NA
Ross,2009,NA,NA,NA,NA,NA,NA,NA,NA,NA,NA,NA,NA,NA,NA,NA
Ross,2010,NA,NA,NA,NA,NA,NA,NA,NA,NA,NA,NA,NA,NA,NA,NA
Ross,2011,NA,NA,NA,NA,NA,NA,NA,NA,NA,NA,NA,NA,NA,NA,NA
Ross,2012,NA,NA,NA,NA,NA,NA,NA,NA,NA,NA,NA,NA,NA,NA,NA
Ross,2013,NA,NA,NA,NA,NA,NA,NA,NA,NA,NA,NA,NA,NA,NA,NA
Ross,2014,NA,NA,NA,NA,NA,NA,NA,NA,NA,NA,NA,NA,NA,NA,NA
Ross,2015,NA,NA,NA,NA,NA,NA,NA,NA,NA,NA,NA,NA,NA,NA,NA
Ross,2016,90.9166666666667,3.1484811152893,1.81777641945073,118238.5055,16706.9917617068,9645.78619097026,1.188267956,0.0431844996725067,0.024932582510741,0.636963906333333,0.0224260132241375,0.0129476647718059,6,0,0
Ross,2017,NA,NA,NA,NA,NA,NA,NA,NA,NA,NA,NA,NA,NA,NA,NA
Ross,2018,98.058565635,6.35328692147674,4.492452265,106906.311686667,15617.6618386711,9016.86126666933,1.007194773,0.0160502651157596,0.00926662488514866,0.495417146333333,0.0154533748063193,0.00892201010431665,6.66666666666667,0.577350269189626,0.333333333333333
Ross,2019,134.266666666667,69.5064265613859,40.1295540856251,49058.93935,18818.2133169575,10864.7005242132,1.393009231,0.04218982817758,0.0243583086553899,0.709440686333333,0.0193540634877677,0.0111740737645758,6.33333333333333,1.15470053837925,0.666666666666667
Ross,2020,67.1950708533333,15.7907489122005,9.11679313516474,118504.177266667,12390.824541119,7153.84588429648,0.666668587666667,0.0320917055213998,0.0185281548215344,0.296294939666667,0.0190915939654851,0.0110225369152318,8,0,0
Ross,2021,68.69,5.92834715582682,3.42273282626617,75040.5143666667,7652.26009192646,4418.03442398277,1.333100377,0.0417039616479242,0.0240777934837029,0.673766285,0.0265748553961843,0.0153429999166624,7,0,0
Logan,1995,NA,NA,NA,NA,NA,NA,NA,NA,NA,NA,NA,NA,NA,NA,NA
Logan,1996,NA,NA,NA,NA,NA,NA,NA,NA,NA,NA,NA,NA,NA,NA,NA
Logan,1997,NA,NA,NA,NA,NA,NA,NA,NA,NA,NA,NA,NA,NA,NA,NA
Logan,1998,NA,NA,NA,NA,NA,NA,NA,NA,NA,NA,NA,NA,NA,NA,NA
Logan,1999,NA,NA,NA,NA,NA,NA,NA,NA,NA,NA,NA,NA,NA,NA,NA
Logan,2000,NA,NA,NA,NA,NA,NA,NA,NA,NA,NA,NA,NA,NA,NA,NA
Logan,2001,49.31,17.7256283386514,10.2338962928756,18248.8066766667,1748.35950629129,1009.41583159752,1.359445116,0.0657226396850485,0.0379449837140155,0.680413746666667,0.0169917534946494,0.00981019345413957,7.33333333333333,0.577350269189626,0.333333333333333
Logan,2002,76.7833333333333,2.38780931678669,1.37860235182029,40424.1084966667,2936.90103742134,1695.6206045385,1.31735801133333,0.075105538454153,0.043362202844137,0.658663093666667,0.0348706867836439,0.0201326004013639,10.6666666666667,1.15470053837925,0.666666666666667
Logan,2003,NA,NA,NA,NA,NA,NA,NA,NA,NA,NA,NA,NA,NA,NA,NA
Logan,2004,NA,NA,NA,NA,NA,NA,NA,NA,NA,NA,NA,NA,NA,NA,NA
Logan,2005,NA,NA,NA,NA,NA,NA,NA,NA,NA,NA,NA,NA,NA,NA,NA
Logan,2006,NA,NA,NA,NA,NA,NA,NA,NA,NA,NA,NA,NA,NA,NA,NA
Logan,2007,NA,NA,NA,NA,NA,NA,NA,NA,NA,NA,NA,NA,NA,NA,NA
Logan,2008,NA,NA,NA,NA,NA,NA,NA,NA,NA,NA,NA,NA,NA,NA,NA
Logan,2009,NA,NA,NA,NA,NA,NA,NA,NA,NA,NA,NA,NA,NA,NA,NA
Logan,2010,NA,NA,NA,NA,NA,NA,NA,NA,NA,NA,NA,NA,NA,NA,NA
Logan,2011,NA,NA,NA,NA,NA,NA,NA,NA,NA,NA,NA,NA,NA,NA,NA
Logan,2012,NA,NA,NA,NA,NA,NA,NA,NA,NA,NA,NA,NA,NA,NA,NA
Logan,2013,NA,NA,NA,NA,NA,NA,NA,NA,NA,NA,NA,NA,NA,NA,NA
Logan,2014,NA,NA,NA,NA,NA,NA,NA,NA,NA,NA,NA,NA,NA,NA,NA
Logan,2015,NA,NA,NA,NA,NA,NA,NA,NA,NA,NA,NA,NA,NA,NA,NA
Logan,2016,85.5833333333333,11.5319310322831,6.65796348576483,104048.629123333,7452.05656953608,4302.44686643797,0.923284670666667,0.0445686193442913,0.0257317043758366,0.420538856333333,0.0214860864494784,0.0124049977954379,8.33333333333333,0.577350269189626,0.333333333333333
Logan,2017,NA,NA,NA,NA,NA,NA,NA,NA,NA,NA,NA,NA,NA,NA,NA
Logan,2018,115.07208529,26.3294302003778,15.2013036137976,87683.40666,3586.0817232547,2070.4252482571,1.19379578266667,0.0977531330670793,0.0564377976904075,0.547566842666667,0.0460966553878069,0.0266139163968917,10.6666666666667,0.577350269189626,0.333333333333333
Logan,2019,100.833333333333,13.6456342224659,7.87831059160387,19565.5574933333,388.900148535004,224.53160544457,1.54280385533333,0.0435020404275418,0.0251159147511392,0.703161588,0.0204016138055505,0.0117788772225374,9.33333333333333,1.52752523165195,0.881917103688197
Logan,2020,58.9175154366667,4.98931380022392,2.88058166563079,81722.4471966667,7045.65109044514,4067.80855368468,0.429994489666667,0.0128465920381357,0.00741698337138697,0.164009905333333,0.00484091988092494,0.00279490639637743,7.33333333333333,0.577350269189626,0.333333333333333
Logan,2021,74.9033333333333,22.2973929716757,12.8734058344238,54565.63519,4524.88218105019,2612.44194528067,1.020335582,0.0363293306246422,0.0209747488156161,0.513204094,0.0166938765112203,0.0096382140975714,8.33333333333333,1.52752523165195,0.881917103688197
Lower Exeter,1995,NA,NA,NA,NA,NA,NA,NA,NA,NA,NA,NA,NA,NA,NA,NA
Lower Exeter,1996,NA,NA,NA,NA,NA,NA,NA,NA,NA,NA,NA,NA,NA,NA,NA
Lower Exeter,1997,NA,NA,NA,NA,NA,NA,NA,NA,NA,NA,NA,NA,NA,NA,NA
Lower Exeter,1998,NA,NA,NA,NA,NA,NA,NA,NA,NA,NA,NA,NA,NA,NA,NA
Lower Exeter,1999,NA,NA,NA,NA,NA,NA,NA,NA,NA,NA,NA,NA,NA,NA,NA
Lower Exeter,2000,NA,NA,NA,NA,NA,NA,NA,NA,NA,NA,NA,NA,NA,NA,NA
Lower Exeter,2001,NA,NA,NA,NA,NA,NA,NA,NA,NA,NA,NA,NA,NA,NA,NA
Lower Exeter,2002,NA,NA,NA,NA,NA,NA,NA,NA,NA,NA,NA,NA,NA,NA,NA
Lower Exeter,2003,NA,NA,NA,NA,NA,NA,NA,NA,NA,NA,NA,NA,NA,NA,NA
Lower Exeter,2004,39.0233333333333,5.1198567688299,2.95595068369627,32354.2114866667,2748.50949835015,1586.8526987427,0.653657530333333,0.0135542655014544,0.00782555883593235,0.282649795,0.0107347116545868,0.00619768866344868,8.66666666666667,0.577350269189626,0.333333333333333
Lower Exeter,2005,80.3,4.07900723215833,2.35501592351304,54830.6433966667,7998.00024979701,4617.647597199,0.765871747,0.0361404481691198,0.020865697479075,0.344671921,0.0215571276493136,0.0124460134512863,7.33333333333333,1.52752523165195,0.881917103688197
Lower Exeter,2006,NA,NA,NA,NA,NA,NA,NA,NA,NA,NA,NA,NA,NA,NA,NA
Lower Exeter,2007,NA,NA,NA,NA,NA,NA,NA,NA,NA,NA,NA,NA,NA,NA,NA
Lower Exeter,2008,NA,NA,NA,NA,NA,NA,NA,NA,NA,NA,NA,NA,NA,NA,NA
Lower Exeter,2009,NA,NA,NA,NA,NA,NA,NA,NA,NA,NA,NA,NA,NA,NA,NA
Lower Exeter,2010,NA,NA,NA,NA,NA,NA,NA,NA,NA,NA,NA,NA,NA,NA,NA
Lower Exeter,2011,NA,NA,NA,NA,NA,NA,NA,NA,NA,NA,NA,NA,NA,NA,NA
Lower Exeter,2012,NA,NA,NA,NA,NA,NA,NA,NA,NA,NA,NA,NA,NA,NA,NA
Lower Exeter,2013,NA,NA,NA,NA,NA,NA,NA,NA,NA,NA,NA,NA,NA,NA,NA
Lower Exeter,2014,NA,NA,NA,NA,NA,NA,NA,NA,NA,NA,NA,NA,NA,NA,NA
Lower Exeter,2015,NA,NA,NA,NA,NA,NA,NA,NA,NA,NA,NA,NA,NA,NA,NA
Lower Exeter,2016,48.0166666666667,16.8090967435295,9.70473652971121,52954.62277,13143.1264651466,7588.18760264566,1.30161056933333,0.0955633809510267,0.055173543716746,0.640795033333333,0.0508381301810492,0.029351408145126,7.66666666666667,1.15470053837925,0.666666666666667
Lower Exeter,2017,NA,NA,NA,NA,NA,NA,NA,NA,NA,NA,NA,NA,NA,NA,NA
Lower Exeter,2018,101.311439083333,7.87162562455021,4.54468517329402,142402.055,19250.0037843141,11113.994866775,0.989156199666667,0.0537236655983549,0.0310173727950636,0.508129597666667,0.021117521259058,0.0121922065835348,7.33333333333333,0.577350269189626,0.333333333333333
Lower Exeter,2019,94.6,9.73704267218749,5.62168420789832,68240.1617,7640.18369527217,4411.06211312358,1.11490848466667,0.0566416781101958,0.0327020881042737,0.543057338666667,0.0325214872536752,0.0187762894203564,8.33333333333333,0.577350269189626,0.333333333333333
Lower Exeter,2020,104.0573995,3.18671060259749,1.83984822423909,46627.06254,2062.29057279688,1190.6640173515,1.29700666966667,0.0323751015615666,0.018691773601612,0.629424163,0.00361817628904354,0.00208895505445481,7.33333333333333,0.577350269189626,0.333333333333333
Lower Exeter,2021,23.77,3.86958654122117,2.23410683122659,18669.85313,3183.06575562308,1837.74387085726,1.472417535,0.0317709880124187,0.0183429884813903,0.690159943,0.0112603185514068,0.00650114794681563,10,1,0.577350269189626
