Lake,Year,MeanChla,SDChla,SEChla,MeanDensity,SDDensity,SEDensity,MeanShannonDiversity,SDShannonDiversity,SEShannonDiversity,MeanSimpsonsDiversity,SDSimpsonsDiversity,SESimpsonsDiversity,MeanGeneraRichness,SDGeneraRichness,SEGeneraRichness
Nanuq,1994,NA,NA,NA,NA,NA,NA,NA,NA,NA,NA,NA,NA,NA,NA,NA
Nanuq,1995,NA,NA,NA,NA,NA,NA,NA,NA,NA,NA,NA,NA,NA,NA,NA
Nanuq,1996,NA,NA,NA,NA,NA,NA,NA,NA,NA,NA,NA,NA,NA,NA,NA
Nanuq,1997,0.155,0.0212132034355964,0.015,354.15,183.352788361672,129.65,2.0672913935,0.0376827817367096,0.0266457505,0.8358647795,0.000332615251695609,0.000235194500000035,14,1.4142135623731,1
Nanuq,1998,0.303333333333333,0.0635085296108588,0.0366666666666667,606.3,236.38724584884,136.478240023822,1.63324346733333,0.156369230122945,0.0902798171044568,0.727234891,0.0460475049938212,0.0265855394036933,13.3333333333333,4.04145188432738,2.33333333333333
Nanuq,1999,0.696666666666667,0.105039675043925,0.0606446846622009,723.333333333333,751.477087696846,433.86549887161,1.47124746133333,0.331306370388729,0.19127982212817,0.622892952666667,0.113312994399754,0.0654212878193807,9.66666666666667,2.51661147842358,1.45296631451356
Nanuq,2000,0.313333333333333,0.0950438495292217,0.0548735921105144,647.733333333333,107.62106361365,62.1350500478147,2.02910705933333,0.0201258835431798,0.0116196842813339,0.787986464666667,0.0075910674238266,0.00438270482058288,16.6666666666667,0.577350269189626,0.333333333333333
Nanuq,2001,0.27,0.115325625946708,0.0665832811847939,353.866666666667,266.526421454484,153.879101172894,1.765973364,0.228066629715719,0.131674330059541,0.728345441666667,0.049737404233905,0.0287159037232383,15.3333333333333,5.5075705472861,3.17979733805649
Nanuq,2002,0.153333333333333,0.14742229591664,0.0851143022320247,707.466666666667,43.4075262291383,25.0613469532488,1.920209032,0.102075163046865,0.0589331228626826,0.755594217333333,0.0625070944508895,0.0360884878074824,16.6666666666667,3.05505046330389,1.76383420737639
Nanuq,2003,0.446666666666667,0.125830573921179,0.0726483157256779,448.933333333333,66.1614187675365,38.1983129354048,1.921246185,0.0716777784647117,0.0413831846915157,0.806004253,0.0203828485434169,0.0117680430933931,12,1,0.577350269189626
Nanuq,2004,0.223333333333333,0.0513160143944689,0.0296273147243853,777.466666666667,140.568180372847,81.1570767777593,1.42461741366667,0.22872142446179,0.132052375982449,0.622488358666667,0.133328927708587,0.0769774923033166,13,1,0.577350269189626
Nanuq,2005,0.1,0.03,0.0173205080756888,272.066666666667,61.126208236184,35.291232779702,2.34388236833333,0.102521411435902,0.0591907644902186,0.869697885333333,0.0178007493579706,0.0102772674336014,17.3333333333333,0.577350269189626,0.333333333333333
Nanuq,2006,0.193333333333333,0.105039675043925,0.0606446846622008,409.733333333333,115.661805853676,66.7773747445778,1.88326847666667,0.0508103910534599,0.0293353929523453,0.755546781666667,0.0103704184365247,0.0059873638759366,18.3333333333333,2.3094010767585,1.33333333333333
Nanuq,2007,0.246666666666667,0.125033328890074,0.0721880260923591,415.333333333333,143.930168252988,83.0981213853705,1.805522008,0.121654141327386,0.0702370512433992,0.771694596333333,0.0422825610034685,0.0244118479773793,12,1,0.577350269189626
Nanuq,2008,0.463333333333333,0.0115470053837925,0.00666666666666665,457.333333333333,40.8006535895362,23.5562683330314,1.40495714466667,0.0354701154708175,0.0204786807152636,0.669382676333333,0.0201583936659139,0.0116384540094458,11,2,1.15470053837925
Nanuq,2009,0.246666666666667,0.104083299973307,0.0600925212577332,238,24.7685284181358,14.3001165496416,2.32536022733333,0.0808181512319,0.0466603813691453,0.854719414,0.0114723152042919,0.00662354427142616,20,2.64575131106459,1.52752523165195
Nanuq,2010,0.116666666666667,0.0568624070307733,0.032829526005987,339.466666666667,89.7307825293713,51.8060914479283,2.21171363233333,0.0239197465065092,0.0138100720844807,0.848877638333333,0.00914119823632823,0.00527767326245984,18,1,0.577350269189626
Nanuq,2011,0.13,0.0529150262212918,0.0305505046330389,199.266666666667,50.6005270064782,29.2142278883271,1.87842451233333,0.0908343440685355,0.0524432329996321,0.796494441666667,0.00837305374458447,0.00483418483337505,12.3333333333333,2.3094010767585,1.33333333333333
Nanuq,2012,0.0883333333333333,0.109696551146029,0.0633333333333333,370.066666666667,68.3041238384135,39.4354042848696,2.22518109266667,0.123558625340695,0.0713366056011503,0.844517989,0.0400502120941919,0.0231230007336833,17.3333333333333,2.51661147842358,1.45296631451356
Nanuq,2013,0.37,0.478434948556227,0.276224546338663,437.356666666667,111.15369599493,64.1746163040947,2.281362299,0.243566736776586,0.140623321043601,0.849922853,0.030907116039636,0.0178442317653588,42,9.53939201416946,5.5075705472861
Nanuq,2014,0.3825,0.368043815326382,0.212490195852264,1054.66676466667,346.043250686807,199.788163935281,2.070712,0.187037685328385,0.107986257972948,0.810169666666667,0.0362856082260355,0.0209495056770109,19,1.73205080756888,1
Nanuq,2015,0.296666666666667,0.0212622513702884,0.0122757665522135,4882.29666666667,1725.24930582027,996.07315113455,0.577345041666667,0.0198074746328232,0.0114358508112272,0.19852814,0.0138884645647413,0.00801850875508398,26,6.557438524302,3.78593889720018
Nanuq,2016,0.16,0.0121655250605964,0.0070237691685685,7696.015398,2031.92891449884,1173.13470576009,1.49053702966667,0.126267039390547,0.0729003091819092,0.718446877,0.0494508692566199,0.0285504726769705,14.6666666666667,0.577350269189626,0.333333333333333
Nanuq,2017,0.334666666666667,0.0323934149686836,0.0187023468521407,865.999592733333,143.85674926892,83.0557329151555,1.84348259366667,0.126742643628178,0.0731748994165336,0.749786333333333,0.0293417894232416,0.0169404900220139,30,0,0
Nanuq,2018,0.4495454545,0.00578541969734096,0.00409090950000002,4097.179002,1815.91567117021,1048.41940157578,2.28126619333333,0.244867410207363,0.141374265198988,0.836186813666667,0.0498363574768295,0.0287730344046779,26,1,0.577350269189626
Nanuq,2019,0.853333333,0.0818535277187245,0.0472581562625261,15526.8333333333,16525.3634711414,9540.92304851988,1.27582717866667,0.00780633588645185,0.00450699012542761,0.610226492666667,0.00271004587579702,0.00156464571590765,14,2,1.15470053837925
Nanuq,2020,0.382962963,0.0458706358056884,0.0264834239303135,1375.56666666667,388.925202748978,224.546070501752,2.02,0.121655250605965,0.070237691685685,0.796666666666667,0.0305505046330389,0.0176383420737639,24,3.60555127546399,2.08166599946613
Nanuq,2021,0.76,0.0371184289657966,0.0214303349552987,3259.6,1241.82141630751,716.965928990586,1.76666666666667,0.351188458428425,0.202758751009941,0.733333333333333,0.0602771377334171,0.0348010216963685,15.6666666666667,3.05505046330389,1.76383420737639
Counts,1994,NA,NA,NA,NA,NA,NA,NA,NA,NA,NA,NA,NA,NA,NA,NA
Counts,1995,NA,NA,NA,NA,NA,NA,NA,NA,NA,NA,NA,NA,NA,NA,NA
Counts,1996,NA,NA,NA,NA,NA,NA,NA,NA,NA,NA,NA,NA,NA,NA,NA
Counts,1997,0.65,0.398371685740842,0.23,1511.2,701.101626014375,404.781212508684,1.59825681,0.141392529057773,0.0816330147129071,0.721844572333333,0.0469848757459398,0.0271267306597595,13.3333333333333,0.577350269189626,0.333333333333333
Counts,1998,1.02,0.10816653826392,0.062449979983984,558.466666666667,386.157187338697,222.947956059505,1.88266159233333,0.138278046510059,0.0798348673755984,0.768706253666667,0.0292602451010867,0.0168934103856669,16.3333333333333,0.577350269189626,0.333333333333333
Counts,1999,1.05333333333333,0.243789526709687,0.140751948871449,1370.73333333333,992.649108866438,573.10623021488,1.76851540866667,0.738885199448159,0.426595568801625,0.708871528333333,0.177391883518827,0.10241725170165,13,6.2449979983984,3.60555127546399
Counts,2000,0.683333333333333,0.115470053837925,0.0666666666666667,1259.06666666667,973.143819449794,561.844846119559,1.994558472,0.280656669433149,0.162037203647093,0.830427103666667,0.0376383518430095,0.0217305125684154,12,4.58257569495584,2.64575131106459
Counts,2001,0.453333333333333,0.0305505046330389,0.0176383420737639,402.133333333333,106.78901316771,61.6546654988718,1.94011094766667,0.17464301683239,0.100830192780269,0.767718688333333,0.043573460411107,0.0251571490978761,16.6666666666667,3.21455025366432,1.85592145427667
Counts,2002,0.4,0.173205080756888,0.1,1965.93333333333,831.274739982717,479.936694899558,1.91418548566667,0.177321782965786,0.102376779128481,0.705383342333333,0.053770098043718,0.0310441805798931,20.6666666666667,3.78593889720018,2.185812841434
Counts,2003,0.853333333333333,0.0251661147842359,0.0145296631451356,1026.93333333333,132.169789790759,76.3082637144308,1.89368151533333,0.242730273593987,0.14014038879996,0.757429187,0.0723956163786405,0.041797628604357,15.6666666666667,4.72581562625261,2.72845092395748
Counts,2004,0.56,0.19313207915828,0.111504857891185,475.066666666667,86.4417337478451,49.9071582485363,2.21874255766667,0.180096614761828,0.103978829012882,0.844339483333333,0.0370033382838482,0.0213638873190945,17.3333333333333,2.3094010767585,1.33333333333333
Counts,2005,0.403333333333333,0.089628864398325,0.0517472489875334,536.2,228.903210986653,132.157330481514,2.18856854133333,0.0645170058405452,0.0372489106893474,0.846169562666667,0.0154065911337647,0.00889499953837354,16.6666666666667,2.51661147842358,1.45296631451356
Counts,2006,0.213333333333333,0.127017059221718,0.0733333333333333,402.266666666667,35.7571438083823,20.6443966032217,2.33801718866667,0.0298354811993469,0.0172255231018449,0.864717373333333,0.00859082883000628,0.00495991733756612,20.3333333333333,1.15470053837925,0.666666666666667
Counts,2007,1.04333333333333,0.0208166599946613,0.0120185042515466,979.066666666667,379.442187076415,219.071048850469,2.32640699033333,0.210767299471437,0.121686557086205,0.830042340666667,0.0458881303492319,0.0264935244097377,23,1,0.577350269189626
Counts,2008,0.893333333333333,0.0635085296108589,0.0366666666666667,541.333333333333,139.061185574312,80.2870129251577,2.401991216,0.0502151382240839,0.0289917235710691,0.876759245666667,0.00797448068644943,0.00460406857096905,19.6666666666667,3.05505046330389,1.76383420737639
Counts,2009,0.396666666666667,0.207444771766688,0.119768294821478,563.733333333333,96.5526453979037,55.7446958114502,2.00927292166667,0.106190844030126,0.0613093123862667,0.790008796666667,0.0260372501425927,0.0150326133787835,18,3,1.73205080756888
Counts,2010,0.58,0.292061637330205,0.168621864932557,251.066666666667,13.2322837535073,7.63966258708095,2.07096426266667,0.313994879185383,0.181285028021845,0.843180731666667,0.0564928332584099,0.0326161524890276,11,3.60555127546399,2.08166599946613
Counts,2011,0.39,0.220680764907139,0.127410099024109,228.2,93.6745429665926,54.0830225979774,2.22941884633333,0.0874730374514588,0.050502581719434,0.849175055333333,0.00542548307241893,0.00313240411234483,15.3333333333333,2.08166599946613,1.20185042515466
Counts,2012,0.791666666666667,0.133260396717604,0.0769379259172253,343.933333333333,73.3409389995338,42.3434108740008,2.38199054266667,0.278047642250439,0.160530881100832,0.880177381,0.0347685477454076,0.0200736304001434,16.6666666666667,3.78593889720018,2.185812841434
Counts,2013,1.03333333333333,0.818189057207033,0.472381672426487,1837.17333333333,712.403971236358,411.30662456507,2.02186932866667,0.232967128107416,0.134503634125151,0.796996164,0.0525301517504837,0.0303282972537137,48.6666666666667,6.80685928555405,3.92994204085053
Counts,2014,0.933333333333333,0.351773285899061,0.203096401307542,1923.69545466667,754.839890241858,435.807013826204,2.249178,0.198473544000202,0.114588754055535,0.831575,0.0559843251008709,0.0323225651673873,21.3333333333333,2.08166599946613,1.20185042515466
Counts,2015,0.635,0.17058722109232,0.0984885780179611,1911.07333333333,900.014995671369,519.623900025564,1.73125311566667,0.495088122286635,0.285839260674775,0.643457492666667,0.161430086184677,0.0932017037140276,27,3.60555127546399,2.08166599946613
Counts,2016,0.274,0.00435889894354068,0.00251661147842359,39214.5750066667,2852.81046267917,1647.0708885748,1.05705654133333,0.0729434079302954,0.0421138962041647,0.480337113666667,0.0611519897267737,0.035306117730234,16.3333333333333,1.52752523165195,0.881917103688197
Counts,2017,1.09,0.148354305633507,0.0856523982929453,1067.16599166667,399.923489243596,230.895934170045,2.34681977866667,0.255429040102001,0.147472025061738,0.836110581,0.0605618732714172,0.0349654138358807,30.6666666666667,1.52752523165195,0.881917103688197
Counts,2018,1.1125,0.0976281209488332,0.0563656219102862,3785.55641966667,2682.23117173671,1548.58688903099,2.282259796,0.12731736670761,0.0735067159411529,0.818868117,0.0386224791306172,0.0222986987228326,30.3333333333333,5.13160143944688,2.96273147243853
Counts,2019,1.67111111133333,0.133388877483455,0.077012104321975,9988.23333333333,8790.84916565705,5075.3991321975,1.802214094,0.244470469243801,0.141145091226823,0.758291334333333,0.0605711166211596,0.0349707504863427,16,1.73205080756888,1
Counts,2020,0.981111111333333,0.0171053379474448,0.00987577146853679,16177.7666666667,5736.40424511151,3311.91453509564,1.39,0.208806130178211,0.120554275466834,0.596666666666667,0.106926766215636,0.0617341972581738,25,5.29150262212918,3.05505046330389
Counts,2021,1.41333333333333,0.054569018703127,0.0315054376376641,9557.7,2603.05928476476,1502.87697877549,1.2,0.435889894354067,0.251661147842358,0.46,0.21,0.121243556529821,20,4,2.3094010767585
Vulture,1994,0.12,NA,NA,NA,NA,NA,NA,NA,NA,NA,NA,NA,NA,NA,NA
Vulture,1995,NA,NA,NA,NA,NA,NA,NA,NA,NA,NA,NA,NA,NA,NA,NA
Vulture,1996,0.21,NA,NA,286.666666666667,63.1918771151272,36.4838472630164,1.78056190833333,0.197564998142046,0.114064204859758,0.743355472,0.0830747120804026,0.0479632073824711,12.6666666666667,0.577350269189626,0.333333333333333
Vulture,1997,0.143333333333333,0.023094010767585,0.0133333333333333,224.7,137.297596482968,79.2688042885304,1.73278392833333,0.158367621023702,0.0914335886289549,0.78647706,0.0221705510910844,0.0128001736405199,8,1.73205080756888,1
Vulture,1998,0.416666666666667,0.0251661147842358,0.0145296631451356,861.2,172.583660872054,99.6412230622112,0.902329275,0.213467313918498,0.123245411154031,0.395697142,0.116968140873333,0.0675315876198288,11.6666666666667,1.15470053837925,0.666666666666667
Vulture,1999,0.5,0.124899959967968,0.0721110255092798,1396.4,1349.03930261501,778.868204512163,1.57189182,0.338300022470421,0.195317609040154,0.724471266666667,0.0733430354228757,0.0423446212445815,9,4.35889894354067,2.51661147842358
Vulture,2000,0.203333333333333,0.0416333199893226,0.0240370085030933,714.1,226.211029792979,130.602998944639,1.23561311366667,0.235586697324989,0.136016043118077,0.504757025,0.09090741571459,0.0524854209341518,12.3333333333333,1.15470053837925,0.666666666666667
Vulture,2001,0.326666666666667,0.126622799421484,0.0731057073315377,545.366666666667,5.20032050294334,3.00240644224667,0.896392063,0.267746678864805,0.154583617117224,0.394332308,0.0957548193696855,0.0552840707392919,11.3333333333333,2.08166599946613,1.20185042515466
Vulture,2002,0.316666666666667,0.0351188458428424,0.0202758751009941,929.866666666667,312.252227107083,180.278907375335,1.52424754066667,0.245813913863973,0.14192072933992,0.647564707333333,0.0501190473446544,0.0289362454759638,13.3333333333333,2.3094010767585,1.33333333333333
Vulture,2003,0.686666666666667,0.0472581562625261,0.0272845092395748,567.466666666667,58.8888218028968,33.9994771201624,1.31327091233333,0.319347287528001,0.184375242419268,0.635971920333333,0.101273030943869,0.058470011677092,10,2,1.15470053837925
Vulture,2004,0.296666666666667,0.0723417813807024,0.0417665469538056,317.333333333333,100.851838522326,58.2268361191336,1.997713889,0.0550564570027268,0.0317868602711514,0.808442689333333,0.0183791032130613,0.0106111801875248,15.3333333333333,0.577350269189626,0.333333333333333
Vulture,2005,0.193333333333333,0.0152752523165195,0.00881917103688197,239.4,45.3003311246176,26.1541583691772,1.72875407866667,0.0437193988071577,0.0252414066701211,0.718928652666667,0.0370692050786699,0.0214019155308155,14,2.64575131106459,1.52752523165195
Vulture,2006,0.19,0.0360555127546399,0.0208166599946613,233.333333333333,77.5748240947624,44.787845573449,1.73782196766667,0.0194461018492489,0.0112272121373527,0.729815508,0.0109068141278152,0.00629705207269533,13,1.73205080756888,1
Vulture,2007,0.163333333333333,0.0404145188432738,0.0233333333333333,136.266666666667,29.9394945403782,17.2855752322887,1.737050054,0.16677419547734,0.0962871266527254,0.766111111,0.0176055020650637,0.010164541356483,9,3,1.73205080756888
Vulture,2008,0.36,0.0458257569495584,0.0264575131106459,192.266666666667,36.9698976646316,21.344580368588,1.18126860366667,0.258752039881649,0.149390559879035,0.559787234333333,0.137396389074934,0.0793258422180955,7,0,0
Vulture,2009,0.403333333333333,0.251462389500564,0.145181878269217,402.266666666667,190.365683181957,109.90767842957,1.51382156333333,0.122197510324793,0.0705507654803213,0.644004098,0.0565986237205779,0.032677230640838,11.3333333333333,0.577350269189626,0.333333333333333
Vulture,2010,0.136666666666667,0.0650640709864771,0.0375647588986155,716.8,227.541996123792,131.371432714016,1.154333683,0.239125902570759,0.13805940421944,0.476201378333333,0.117895083053088,0.0680667579368339,13,2,1.15470053837925
Vulture,2011,0.0633333333333333,0.0321455025366432,0.0185592145427667,108.733333333333,15.4211975324011,8.90343254655816,1.972813931,0.230573320630333,0.133121568733869,0.805487939333333,0.073038435409648,0.0421687603449494,11,1,0.577350269189626
Vulture,2012,0.106666666666667,0.141450815951458,0.0816666666666667,193.733333333333,96.1002254593262,55.4834910381257,2.02437913833333,0.28550742610327,0.16483778931636,0.814073830333333,0.0671060537357709,0.0387436981886008,14,4.58257569495584,2.64575131106459
Vulture,2013,0.586666666666667,0.0850490054811538,0.0491030662088541,469.773333333333,30.2402254180311,17.4592022854552,1.93432714,0.243473573849691,0.140569533402679,0.756844114333333,0.0637896430249912,0.0368289675719888,41.3333333333333,3.05505046330389,1.76383420737639
Vulture,2014,0.455555555666667,0.236228075692084,0.136386343090972,1324.341486,397.833081342206,229.689036605461,2.08577266666667,0.103945949749537,0.0600132220690667,0.805018666666667,0.0249378547660646,0.0143978771621992,27,1.73205080756888,1
Vulture,2015,0.325833333333333,0.00577350269189626,0.00333333333333334,286.773333333333,141.937727307905,81.9477850693829,2.14619077566667,0.0196108425231823,0.0113223252097946,0.830616434,0.00796789771307889,0.0046002678895215,18.3333333333333,0.577350269189626,0.333333333333333
Vulture,2016,0.123666666666667,0.030171730698343,0.0174196568406052,7898.15436666667,3259.11609563673,1881.65155513611,0.771685933333333,0.102747035639676,0.0593210286850032,0.327031869333333,0.0330302787740588,0.0190700403416112,11,1,0.577350269189626
Vulture,2017,0.162666666666667,0.143001165496416,0.082561761393786,2924.80961566667,413.310433090369,238.624889803605,1.063813202,0.096315518044891,0.0556077902703561,0.479365907666667,0.0439543185677971,0.0253770376571642,23,1.73205080756888,1
Vulture,2018,0.543333333333333,0.0260341652876028,0.0150308323369247,1609.400992,349.507314263063,201.788141973522,1.022237876,0.320626231484836,0.185113641057026,0.370473577333333,0.126698690850383,0.0731495232684416,17.6666666666667,1.15470053837925,0.666666666666667
Vulture,2019,0.794444444666667,0.0432798815998415,0.0249876512921636,3393.03333333333,2095.49925395676,1209.83705835859,1.47906072366667,0.183305195248843,0.105831303820776,0.650897982,0.0387361780751931,0.02236434283909,13.6666666666667,0.577350269189626,0.333333333333333
Vulture,2020,0.536,0.0759736796528903,0.0438634243989226,1468.26666666667,403.07811070974,232.717255722714,1.88333333333333,0.328684245642126,0.18976593769987,0.736666666666667,0.102143689640297,0.0589726867098471,22.6666666666667,4.16333199893227,2.40370085030933
Vulture,2021,0.591111111,0.0501479292877767,0.0289529204736002,1363.13333333333,801.094060228469,462.511871319117,1.8,0.264575131106459,0.152752523165195,0.713333333333333,0.106926766215636,0.0617341972581738,16.3333333333333,1.15470053837925,0.666666666666667
Kodiak,1994,0.67,NA,NA,NA,NA,NA,NA,NA,NA,NA,NA,NA,NA,NA,NA
Kodiak,1995,NA,NA,NA,NA,NA,NA,NA,NA,NA,NA,NA,NA,NA,NA,NA
Kodiak,1996,NA,NA,NA,4657.3,693.367197089681,400.315737886983,1.93441117033333,0.116090321438199,0.0670247783326542,0.78582544,0.0164755114631974,0.00951214097831381,22.6666666666667,3.78593889720018,2.185812841434
Kodiak,1997,1.46666666666667,0.235442845152137,0.135932990027358,8610.53333333333,1231.72458095685,711.136518382918,1.75863909266667,0.141081052567199,0.081453183677228,0.742726925666667,0.0216342586064948,0.0124905450301778,15.3333333333333,1.15470053837925,0.666666666666667
Kodiak,1998,6.48,0.581979381078059,0.336005952328229,15705.1666666667,6384.57237748413,3686.13458080111,1.166620571,0.240648311416466,0.138938367376326,0.519998337,0.109720040110947,0.0633468946935517,11.3333333333333,4.72581562625261,2.72845092395748
Kodiak,1999,2.43,0.768960337078578,0.443959457608462,5142.26666666667,2124.1154990568,1226.3586551703,2.24173770633333,0.416172788713146,0.240277471592932,0.838718541,0.0604070293754166,0.0348760146708424,20.6666666666667,5.77350269189626,3.33333333333333
Kodiak,2000,2.05,0.0529150262212917,0.0305505046330389,7573.06666666667,5295.66893728576,3057.45588648108,2.01786974966667,0.226286552100887,0.130646601769439,0.811001462,0.0493587818868624,0.028497306009252,18.3333333333333,3.05505046330389,1.76383420737639
Kodiak,2001,1.53,0.288270706107992,0.166433169770932,2279.56666666667,187.36238505456,108.173723447261,1.86294542,0.232051692428844,0.133975107089701,0.727754695333333,0.0729450546504388,0.0421148469384828,23.3333333333333,2.51661147842358,1.45296631451356
Kodiak,2002,1.33333333333333,0.577350269189626,0.333333333333333,12353.0666666667,1241.64383513685,716.863402453897,1.83840595766667,0.135310204440533,0.0781213829578448,0.741451533,0.0339675495881179,0.0196111738984118,20.6666666666667,4.04145188432738,2.33333333333333
Kodiak,2003,2.09,0.13076696830622,0.0754983443527076,1865.73333333333,615.645655660245,355.443185020866,2.204563059,0.131166858188538,0.0757292208839098,0.847854339666667,0.0184524188904938,0.0106535090136263,22.3333333333333,0.577350269189626,0.333333333333333
Kodiak,2004,1.50666666666667,0.176162803489651,0.101707642015949,2830.8,165.24745081241,95.4056602094446,1.96476981366667,0.0603666823568985,0.03485272030884,0.802041518333333,0.00782195631617924,0.00451600858473558,24,2.64575131106459,1.52752523165195
Kodiak,2005,0.533333333333333,0.0776745346515403,0.0448454134902457,1789.2,162.761666248537,93.9704918223446,2.04113738033333,0.17914812222544,0.103431216591674,0.809574544333333,0.0423023014947902,0.0244232451553578,22.3333333333333,1.52752523165195,0.881917103688197
Kodiak,2006,0.97,0.285832118559129,0.165025250593154,2936.26666666667,691.698238636859,399.352164274981,2.16231595166667,0.0767542147107706,0.0443140665247017,0.826088632333333,0.0112556075123617,0.00649842802715479,25.6666666666667,2.08166599946613,1.20185042515466
Kodiak,2007,1.51333333333333,0.0321455025366432,0.0185592145427668,1453.2,239.706820929234,138.394797590083,1.92110159733333,0.136620367260791,0.0788778058148031,0.772291933333333,0.0298382220456009,0.0172271055301675,22.6666666666667,2.51661147842358,1.45296631451356
Kodiak,2008,1.36333333333333,0.0378593889720017,0.0218581284143399,1364.53333333333,199.220213164561,115.019843698574,2.02440172166667,0.242536401422944,0.14002845664982,0.777420650666667,0.0527851306001438,0.0304755093612026,22.6666666666667,5.68624070307733,3.2829526005987
Kodiak,2009,0.595,0.304055915910215,0.215,1346.8,194.252207194667,112.15156411452,2.15554196466667,0.190839915476798,0.110181476572655,0.820534258333333,0.0412814715870673,0.0238338687333372,22.3333333333333,2.3094010767585,1.33333333333333
Kodiak,2010,0.743333333333333,0.153731367434669,0.0887568463712957,1123.73333333333,71.5142876167646,41.2887932064434,2.11131511733333,0.0863216919211518,0.0498378520675809,0.825397388666667,0.0187959153784487,0.0108518268034128,21,2.64575131106459,1.52752523165195
Kodiak,2011,0.173333333333333,0.0602771377334171,0.0348010216963685,1341.2,160.774624863503,92.8232729438043,1.55149948633333,0.116094864675958,0.0670274013721976,0.682240424333333,0.0176777555543185,0.0102062569279542,19.6666666666667,4.93288286231625,2.84800124843918
Kodiak,2012,0.378333333333333,0.0784750491132904,0.0453075907302273,1581.06666666667,231.323611707351,133.554749489156,1.63073143666667,0.183415771669581,0.105895145147055,0.691255258333333,0.0564649686711086,0.0326000648620484,19,2,1.15470053837925
Kodiak,2013,1.19333333333333,0.418608807042247,0.24168390743099,4815.45333333333,766.441001404109,442.504918478629,1.48669320966667,0.0548319918114803,0.0316572652325615,0.615111549333333,0.0414445477508087,0.0239280208003717,49.6666666666667,4.16333199893227,2.40370085030933
Kodiak,2014,1.84111111133333,0.587927937162622,0.339440352784941,22912.4549033333,7270.39820320367,4197.56635973541,1.075178,0.0935434500700075,0.0540073360788451,0.486480666666667,0.0465977861097857,0.0269032443541254,20.6666666666667,2.88675134594813,1.66666666666667
Kodiak,2015,1.1889,0.192157539534623,0.11094220717713,8750.57666666667,673.334168844366,388.749663636868,1.83476506766667,0.149177225382415,0.0861275112314987,0.75927558,0.0530392961722524,0.0306222519226782,26,2,1.15470053837925
Kodiak,2016,0.458333333333333,0.0066583281184794,0.00384418753155694,40055.14065,22895.5945542608,13218.777679159,1.265632505,0.237250905005439,0.136976873870373,0.598003135666667,0.0191121103539427,0.0110343820576307,15,5.19615242270663,3
Kodiak,2017,1.34566666666667,0.328247366072195,0.189513705162567,7958.64629933333,2160.20312017836,1247.19385293925,1.39285822566667,0.0710263382321035,0.0410070754978584,0.643665537666667,0.0537166873718587,0.0310133439141176,23.3333333333333,1.52752523165195,0.881917103688197
Kodiak,2018,1.45777777766667,0.308946837281589,0.178370539669809,18352.37993,9083.96087483672,5244.62725639501,1.89528950166667,0.148557015775078,0.0857694330477486,0.747283618666667,0.0469300611972395,0.0270950834653118,31.3333333333333,1.52752523165195,0.881917103688197
Kodiak,2019,1.88555555533333,0.0397678446272399,0.0229599758006282,25975.4,4304.31026298059,2485.09468900751,1.31233726466667,0.340042937533131,0.196323881520784,0.601778709333333,0.135946961809202,0.0784890149960543,14,2.64575131106459,1.52752523165195
Kodiak,2020,3.17333333333333,0.287286152352203,0.165864737394996,9640.8,1340.69480867198,774.050508687902,1.49333333333333,0.0472581562625261,0.0272845092395749,0.55,0.01,0.00577350269189626,29,5,2.88675134594813
Kodiak,2021,3.24333333366667,0.115902257671425,0.0669161996662824,21218.0666666667,2251.87225288943,1300.11905138636,1.66666666666667,0.115470053837925,0.0666666666666667,0.693333333333333,0.0680685928555405,0.0392994204085053,23.3333333333333,2.08166599946613,1.20185042515466
Leslie,1994,NA,NA,NA,NA,NA,NA,NA,NA,NA,NA,NA,NA,NA,NA,NA
Leslie,1995,NA,NA,NA,NA,NA,NA,NA,NA,NA,NA,NA,NA,NA,NA,NA
Leslie,1996,NA,NA,NA,NA,NA,NA,NA,NA,NA,NA,NA,NA,NA,NA,NA
Leslie,1997,NA,NA,NA,NA,NA,NA,NA,NA,NA,NA,NA,NA,NA,NA,NA
Leslie,1998,NA,NA,NA,NA,NA,NA,NA,NA,NA,NA,NA,NA,NA,NA,NA
Leslie,1999,NA,NA,NA,NA,NA,NA,NA,NA,NA,NA,NA,NA,NA,NA,NA
Leslie,2000,NA,NA,NA,NA,NA,NA,NA,NA,NA,NA,NA,NA,NA,NA,NA
Leslie,2001,NA,NA,NA,NA,NA,NA,NA,NA,NA,NA,NA,NA,NA,NA,NA
Leslie,2002,NA,NA,NA,NA,NA,NA,NA,NA,NA,NA,NA,NA,NA,NA,NA
Leslie,2003,0.686666666666667,0.153079500042734,0.0883804905570857,437.733333333333,140.519369957787,81.1288960714848,2.260153205,0.178543040604114,0.10308187255472,0.868438009333333,0.0213384926692659,0.0123197844867015,16.3333333333333,3.78593889720018,2.185812841434
Leslie,2004,0.383333333333333,0.202072594216369,0.116666666666667,296.333333333333,30.1677532032688,17.4173604327534,2.05243679766667,0.038258016913521,0.0220882763636826,0.820628565333333,0.008898932227647,0.00513780091713223,13.3333333333333,1.52752523165195,0.881917103688197
Leslie,2005,0.43,0.0435889894354067,0.0251661147842358,410.2,23.8822109529248,13.7884009225145,1.90268105533333,0.0124062613807594,0.00716275834781828,0.780242902333333,0.0130833193075655,0.00755365792411679,15,1,0.577350269189626
Leslie,2006,0.19,0.0264575131106459,0.0152752523165195,364.933333333333,49.8001338686286,28.7521206947321,0.875162591333333,0.236868752861671,0.136756238227297,0.383233275,0.0913589465220435,0.0527461123673824,8,2,1.15470053837925
Leslie,2007,0.356666666666667,0.0838649708360608,0.0484194634877798,890.4,79.3937025210438,45.8379755224857,1.49358414666667,0.365400620732183,0.210964146741782,0.653985119333333,0.0998880421730748,0.0576703880374494,12.6666666666667,3.51188458428425,2.02758751009941
Leslie,2008,1.58333333333333,0.17156145643277,0.0990510530540242,763.933333333333,220.224642883882,127.146756851198,1.342529209,0.183805721850844,0.106120282989178,0.543586596,0.0775559795490085,0.0447769656698852,14,2.64575131106459,1.52752523165195
Leslie,2009,1.22333333333333,0.045092497528229,0.0260341655863555,1073.33333333333,63.8702852141223,36.8755263615917,1.25278816566667,0.0794536729878046,0.0458725994876135,0.524024648666667,0.0441433100351047,0.0254861519316888,14.6666666666667,1.52752523165195,0.881917103688197
Leslie,2010,0.63,0.403360880601974,0.232880512996114,766.266666666667,47.6274430694461,27.4977170769583,1.28119537466667,0.294820135668294,0.170214484690611,0.545983432666667,0.115520409399871,0.0666957394639115,13,3.60555127546399,2.08166599946613
Leslie,2011,0.606666666666667,0.192180470738661,0.110955446513955,445.2,66.9076976139517,38.6291772282731,1.41832366133333,0.304427239618764,0.175761148742548,0.637980682,0.0841952305625362,0.0486101390297629,11.3333333333333,3.78593889720018,2.185812841434
Leslie,2012,0.886666666666667,0.50155591246972,0.289573441078041,410.2,66.7170143216856,38.5190861781533,1.631670638,0.209260748961925,0.12081674974399,0.698298123,0.0688672863921631,0.0397605463368744,14.3333333333333,2.3094010767585,1.33333333333333
Leslie,2013,1.12,0.455741154604234,0.263122278291545,563.096666666667,216.704733989208,125.114536503335,2.45774884533333,0.173262463496192,0.100033129939984,0.857896830333333,0.0321574059041261,0.0185660869551872,37.3333333333333,2.08166599946613,1.20185042515466
Leslie,2014,1.061111111,0.0971444131330411,0.0560863530726295,1212.18123466667,117.287530083974,67.7159870665688,2.22845266666667,0.216939963105771,0.125250346097104,0.868783,0.024427198631853,0.0141030497056488,18,3.46410161513775,2
Leslie,2015,0.748333333333333,0.150194318578744,0.0867147302621904,4228.11,166.895215929037,96.3569978430905,1.18089498366667,0.18686405265007,0.107886011099382,0.501537080333333,0.102712191881324,0.0593009116317387,15,1,0.577350269189626
Leslie,2016,0.574666666666667,0.00808290376865477,0.00466666666666667,7032.828499,2742.6851913718,1583.49003354091,1.31669424866667,0.314128894480289,0.181362401788434,0.644184209666667,0.0798166603117363,0.0460821703167979,12.6666666666667,3.05505046330389,1.76383420737639
Leslie,2017,0.413333333333333,0.30759117889389,0.177587849934742,298.103689433333,24.4123227280686,14.0944610985944,2.40183735,0.304144412207412,0.17559785826047,0.866099750666667,0.0453906872441123,0.0262063254990903,25.6666666666667,2.08166599946613,1.20185042515466
Leslie,2018,0.723333333333333,0.0779601034646711,0.0450102867213789,1431.29937533333,250.213715287936,144.460955876426,1.898316013,0.10015621375314,0.0578252169713891,0.729252153333333,0.0175843512754993,0.0101523299424345,19.6666666666667,2.08166599946613,1.20185042515466
Leslie,2019,1.72666666666667,0.039299420634689,0.0226895310824341,13567.2,10708.9352836778,6182.80666876568,1.269732766,0.405970507592029,0.234387181841307,0.550610928,0.153153566764791,0.0884232529990032,12.6666666666667,3.51188458428425,2.02758751009941
Leslie,2020,1.44583333333333,0.123928742966809,0.0715502931122189,2232.8,735.045331935385,424.378620259472,2.13333333333333,0.161967074843418,0.0935117342607036,0.83,0.0435889894354067,0.0251661147842358,14,3.46410161513775,2
Leslie,2021,1.4,0.030237157651756,0.0174574311097705,1329.38391586667,345.557308453112,199.507605055847,1.46666666666667,0.152752523165195,0.0881917103688197,0.643333333333333,0.10785793124909,0.062271805640898,14,1,0.577350269189626
Moose,1994,NA,NA,NA,NA,NA,NA,NA,NA,NA,NA,NA,NA,NA,NA,NA
Moose,1995,NA,NA,NA,NA,NA,NA,NA,NA,NA,NA,NA,NA,NA,NA,NA
Moose,1996,0.27,NA,NA,835.333333333333,537.641296156958,310.407347063679,1.70049192133333,0.437286156998074,0.252467280455735,0.710621696666667,0.108506763916925,0.0626464093563318,14.6666666666667,0.577350269189626,0.333333333333333
Moose,1997,0.31,0.270739727413618,0.156311654502578,307.133333333333,74.5027739975723,43.0141966228722,1.482984845,0.532513546775407,0.307446839577904,0.617510631666667,0.226036738873426,0.130502372035318,11,1.73205080756888,1
Moose,1998,1.56666666666667,0.0416333199893227,0.0240370085030933,928.666666666667,444.429041955331,256.591227008598,1.80167029133333,0.425787812502964,0.245828708166248,0.730351129,0.154804113305765,0.0893761964887449,19,4,2.3094010767585
Moose,1999,1.16,0.105830052442584,0.0611010092660779,589.833333333333,95.9284281812922,55.3843038334067,2.037061561,0.208312445832893,0.12026924667717,0.826694268333333,0.0571537607813204,0.0329977391722948,12.6666666666667,2.08166599946613,1.20185042515466
Moose,2000,0.716666666666667,0.0635085296108588,0.0366666666666667,692.766666666667,402.321815631881,232.280608555926,1.58028917933333,0.145738450958392,0.0841421338921069,0.718729230333333,0.00964198069161814,0.0055668001478269,10.6666666666667,2.51661147842358,1.45296631451356
Moose,2001,1.09333333333333,0.483976583455577,0.279424010739553,204.9,194.246003819898,112.147982594427,2.15070563333333,0.0433689364330558,0.0250390671240925,0.832336169666667,0.0108748135117995,0.0062785765084244,16.3333333333333,0.577350269189626,0.333333333333333
Moose,2002,1.03333333333333,0.378593889720018,0.2185812841434,1090.93333333333,435.052977616903,251.177953738867,2.365184038,0.0923638232172505,0.0533262781978626,0.875025362666667,0.0106256308099192,0.00613471080841644,18,1,0.577350269189626
Moose,2003,1.19333333333333,0.100664459136943,0.0581186525805423,478.8,77.3428729748256,44.6539285319146,2.21836171733333,0.19975870858534,0.115330744174718,0.859279217666667,0.0231834924778245,0.0133849956228276,14.6666666666667,3.51188458428425,2.02758751009941
Moose,2004,0.226666666666667,0.142243921955679,0.0821245666316995,119.466666666667,12.7032804162285,7.3342423679008,1.98343872833333,0.291217050077098,0.168134242254621,0.804184562666667,0.0411155695300348,0.0237380851360504,12.3333333333333,3.21455025366432,1.85592145427667
Moose,2005,0.47,0.104403065089105,0.0602771377334171,246.866666666667,65.7006341927788,37.93227883713,2.23046441433333,0.141149343212896,0.0814926112999046,0.845495381333333,0.0336263664350429,0.019414191713141,16,1.73205080756888,1
Moose,2006,0.273333333333333,0.0602771377334171,0.0348010216963685,414,33.1161591975881,19.119623427254,1.72953765066667,0.114047658355703,0.0658454462521118,0.705202085333333,0.0261734462247898,0.0151112462235026,18.3333333333333,3.05505046330389,1.76383420737639
Moose,2007,0.833333333333333,0.00577350269189626,0.00333333333333334,327.6,68.6428437639351,39.6309643250493,2.29506919066667,0.168611701928354,0.0973480114968559,0.865975799666667,0.0276445953647474,0.0159606145754752,15,2,1.15470053837925
Moose,2008,1.75,0.0700000000000001,0.0404145188432738,482.533333333333,88.1481328976022,50.8923482569935,2.13822217233333,0.248944852319556,0.143728377500067,0.778905672333333,0.0533976686139221,0.0308291583483464,20.6666666666667,2.51661147842358,1.45296631451356
Moose,2009,1.40333333333333,0.780149558311311,0.450419557499203,1204,29.4998305079876,17.031735084835,1.797960706,0.0333584048042702,0.0192594839934819,0.681869033333333,0.00457078208309195,0.00263894226608026,19.3333333333333,2.51661147842358,1.45296631451356
Moose,2010,0.563333333333333,0.535194668633137,0.308994786004194,898.8,118.496582229193,68.4140336480755,1.681998429,0.128670593750298,0.0742880019385233,0.711997927333333,0.0269258383780663,0.0155456400357329,16.3333333333333,2.08166599946613,1.20185042515466
Moose,2011,0.663333333333333,0.453247540901584,0.261682589749066,347.2,89.1724172600474,51.483719109378,2.019290081,0.100794163665576,0.0581935375250634,0.830424671333333,0.0280631900000317,0.0162022903008379,13.3333333333333,0.577350269189626,0.333333333333333
Moose,2012,0.873333333333333,0.680612469275529,0.392951792350043,557.666666666667,16.8775985653568,9.74428607498319,2.197051331,0.0169319630339252,0.00977567341554553,0.837766863666667,0.00599138232902367,0.00345912620047978,18.3333333333333,0.577350269189626,0.333333333333333
Moose,2013,1.14666666666667,0.473427220735493,0.273333333333333,612.083333333333,96.9443063481984,55.9708213665339,2.49665166666667,0.0270653913218602,0.0156262109653985,0.874966335333333,0.012195200252541,0.00704090214862595,42.6666666666667,3.21455025366432,1.85592145427667
Moose,2014,0.905555555666667,0.355376690929915,0.205176828172105,1015.61459463333,257.622460388537,148.738396854616,2.258253,0.0900346219628872,0.0519815132266591,0.84886,0.028884835537008,0.0166766675727896,19.6666666666667,2.51661147842358,1.45296631451356
Moose,2015,1.63333333333333,0.0929157324317757,0.0536449231314369,3109.07333333333,543.559501925349,313.824224757179,2.16940979533333,0.172559632067813,0.0996273500256145,0.826380204666667,0.040495965474428,0.0233803565677548,24.3333333333333,1.15470053837925,0.666666666666667
Moose,2016,0.496,0.0111355287256601,0.00642910050732864,5220.948955,907.647624393589,524.030600272963,1.563330929,0.203787399103242,0.11765670972971,0.678928128333333,0.0650665678829254,0.0375662004824521,12.3333333333333,2.51661147842358,1.45296631451356
Moose,2017,0.781,0.235102105477599,0.135736263884539,705.473519,211.332410408676,122.012824037942,2.1370359,0.368147592164282,0.212550111437561,0.791201481333333,0.0984487411973615,0.0568394072316764,26,3.46410161513775,2
Moose,2018,1.97,0.293333333,0.16935607876984,10502.3913946667,4328.06047554737,2498.80688062626,1.41955430633333,0.280602137981907,0.162005719899038,0.587632978,0.099335825617327,0.0573515656603375,17,1.73205080756888,1
Moose,2019,1.79333333333333,0.0480740169137365,0.0277555466061724,8382.06666666667,849.586230663688,490.50883897348,1.32016257933333,0.325144488704017,0.187722258078788,0.535373585,0.13280242435502,0.0766735154504057,15.6666666666667,4.04145188432738,2.33333333333333
Moose,2020,1.5575,0.0188745860881768,0.0108972473588516,2117.66666666667,730.123012466621,421.536717789144,2.35666666666667,0.445234020862437,0.257055981797308,0.86,0.0754983443527075,0.0435889894354067,17.6666666666667,3.78593889720018,2.185812841434
Moose,2021,0.942222222,0.0183585686523477,0.0105993245533692,1972.13064566667,485.262061592957,280.166181888206,2.4,0.173205080756888,0.0999999999999999,0.84,0.0360555127546399,0.0208166599946613,22.3333333333333,2.3094010767585,1.33333333333333
Nema,1994,NA,NA,NA,NA,NA,NA,NA,NA,NA,NA,NA,NA,NA,NA,NA
Nema,1995,NA,NA,NA,NA,NA,NA,NA,NA,NA,NA,NA,NA,NA,NA,NA
Nema,1996,0.39,NA,NA,4002.16666666667,1998.89873763864,1154.06472425847,1.871011336,0.21674899659577,0.125140091531149,0.780963558333333,0.0443698316247108,0.0256169342324251,23.6666666666667,2.51661147842358,1.45296631451356
Nema,1997,0.58,0.157162336455017,0.0907377172587747,5072.63333333333,2383.5817299462,1376.16155341991,1.969976634,0.0839262164843072,0.0484548236792816,0.811104088666667,0.0113395039586191,0.00654686566298555,15,2,1.15470053837925
Nema,1998,2.88,0.311126983722081,0.22,2357.5,1244.64935624456,880.1,2.262506031,0.181744154375598,0.128512524,0.852593046,0.0139088526113362,0.00983504400000001,24,7.07106781186548,5
Nema,1999,2.90666666666667,0.771513663737288,0.445433621442198,7846.1,5191.65258756785,2997.40201897132,1.64154059566667,0.108670421599036,0.0627408971631538,0.701569564,0.0265461230331943,0.0153264112791556,13.6666666666667,2.08166599946613,1.20185042515466
Nema,2000,2.58333333333333,0.181750745069541,0.104933841591315,10276.5333333333,1884.55967624624,1088.05103638468,1.550221352,0.327494786464605,0.189079203123538,0.654905993333333,0.0868984780000821,0.0501708596655162,13,2.64575131106459,1.52752523165195
Nema,2001,2.86,0.718957578720748,0.415090351610345,5126.46666666667,1934.20910279456,1116.71614616746,1.75626464466667,0.174113579810594,0.100524522173216,0.727878472333333,0.0337397925916152,0.0194796783351712,17,2,1.15470053837925
Nema,2002,0.876666666666667,0.100166528008778,0.0578311719096582,1745.33333333333,28.1860485583441,16.2732227225519,2.25892199333333,0.0569474308237468,0.0328786145157478,0.854638208666667,0.0178236083481523,0.0102904650777362,21.3333333333333,4.50924975282289,2.60341655863555
Nema,2003,2.59,0.811911325207378,0.468757222166585,2186.8,646.981792634074,373.535112138069,2.52487665133333,0.0973230565425559,0.0561894928932018,0.883683950666667,0.007870126773883,0.00454381981145783,27,2.64575131106459,1.52752523165195
Nema,2004,1.12666666666667,0.657368491284252,0.379531875399741,1708.93333333333,212.80614026229,122.863682365638,2.424733104,0.100282198526295,0.0578979543140838,0.875570821666667,0.0144626784715068,0.00835003130872747,21.3333333333333,1.15470053837925,0.666666666666667
Nema,2005,0.58,0.195192212959431,0.112694276695846,1207.26666666667,91.444044821592,52.7952438935344,2.513127185,0.161756810553332,0.0933903381162218,0.892376644333333,0.0146566628564981,0.00846202824562074,26.6666666666667,3.51188458428425,2.02758751009941
Nema,2006,0.683333333333333,0.224796204001165,0.129786148892879,860.533333333333,325.021189052857,187.651070992,1.80971369166667,0.264458963902979,0.152685453998994,0.727531724333333,0.0390247208777463,0.0225309331038168,16.6666666666667,3.51188458428425,2.02758751009941
Nema,2007,0.693333333333333,0.0757187779440037,0.04371625682868,742.933333333333,165.279077119076,95.4239196661112,2.255197925,0.115165881932936,0.0664910529354413,0.831678031,0.0295965319740566,0.017087565702301,20.6666666666667,0.577350269189626,0.333333333333333
Nema,2008,1.57333333333333,0.0404145188432738,0.0233333333333334,734.5,95.7143144989296,55.2606852412575,2.39671553766667,0.0752332143103521,0.0434359165340826,0.855796742,0.0146973571559074,0.00848552311033923,23,1,0.577350269189626
Nema,2009,1.84333333333333,0.642910050732864,0.371184290855335,1738.8,125.000479999078,72.1690607763004,2.104863998,0.0885371223619605,0.0511169314289527,0.755864145333333,0.033004529458442,0.0190551739673085,25.6666666666667,1.15470053837925,0.666666666666667
Nema,2010,0.78,0.370270171631472,0.213775583264319,623.933333333333,230.852882445365,133.282973823032,2.302449086,0.0911794539791535,0.0526424822994274,0.821961582,0.04449078382347,0.0256867660169379,27.6666666666667,4.04145188432738,2.33333333333333
Nema,2011,0.713333333333333,0.553202795847358,0.319391783098926,701.866666666667,244.45673100435,141.137159450578,1.82108093533333,0.371422048043618,0.214440619420945,0.711835349333333,0.120342285256928,0.069479650787982,19,5.56776436283002,3.21455025366432
Nema,2012,1.41166666666667,0.703390597984742,0.406102751091943,910.733333333333,199.131723573451,114.968754209326,2.54744302966667,0.0775672479145245,0.0447834714637491,0.866983800666667,0.0164997777818116,0.00952615114389791,28,1.73205080756888,1
Nema,2013,2.06333333333333,0.602854321816916,0.348058104983126,1915.27666666667,767.60738690644,443.178331462378,2.386976891,0.155762954387873,0.0899297836456097,0.845320747333333,0.0240464783007843,0.0138832407200203,41.6666666666667,2.3094010767585,1.33333333333333
Nema,2014,1.52222222233333,1.31708572795635,0.76041979958141,2284.753166,770.421052913391,444.802802288901,2.397361,0.352682525719662,0.203621351162724,0.859451,0.0611092596256901,0.0352814474948709,25,5.19615242270663,3
Nema,2015,1.11556666666667,0.123611703868741,0.071367250503606,2014.66666666667,718.827469726452,415.015233147465,2.2917416,0.301169003490435,0.173880005236774,0.843785742333333,0.055628384517856,0.0321170627759682,23.3333333333333,3.78593889720018,2.185812841434
Nema,2016,0.642666666666667,0.0360185137579736,0.0207952986139763,13611.7745833333,1694.96535862977,978.588706071991,1.329065565,0.29641461279154,0.171135056486934,0.635884569,0.120223718428648,0.0694111961977577,8.66666666666667,0.577350269189626,0.333333333333333
Nema,2017,1.34766666666667,0.338565109444747,0.19547065707614,1033.4539255,627.148158225492,362.084157973266,2.16084905733333,0.0779194747728177,0.0449868297352006,0.829571169333333,0.0190145791465903,0.0109780723888113,22.6666666666667,1.52752523165195,0.881917103688197
Nema,2018,1.241111111,0.057477853847921,0.0331848543915392,18039.5843666667,8711.41216338072,5029.53615754964,1.74528533833333,0.0993232380459247,0.0573442982225999,0.712988926666667,0.0426417255789556,0.0246192117417202,16.6666666666667,0.577350269189626,0.333333333333333
Nema,2019,2.34777777766667,0.0234125640692407,0.0135172501677955,34734.3333333333,32215.061862634,18599.3746383522,1.861206588,0.0964624193796469,0.0556926037955217,0.784127834333333,0.00735578346269604,0.00424686356228816,18,2.64575131106459,1.52752523165195
Nema,2020,3.32333333366667,0.366924152016917,0.211843757939142,2179.03333333333,162.988261336003,94.1013165570907,3.07666666666667,0.07371114795832,0.0425571511160124,0.94,0,0,32.3333333333333,3.21455025366432,1.85592145427667
Nema,2021,1.98111111133333,0.0250185114724336,0.0144444443333333,6000.46666666667,2811.3677406795,1623.14392187234,2.26666666666667,0.152752523165195,0.0881917103688196,0.85,0.02,0.0115470053837925,24,3.46410161513775,2
Slipper,1994,0.79,NA,NA,NA,NA,NA,NA,NA,NA,NA,NA,NA,NA,NA,NA
Slipper,1995,NA,NA,NA,NA,NA,NA,NA,NA,NA,NA,NA,NA,NA,NA,NA
Slipper,1996,0.39,NA,NA,896.666666666667,525.685041953196,303.504400480637,2.16322421133333,0.336131640954467,0.194065693388212,0.791753087333333,0.0734002293514762,0.0423776421746551,23,3.60555127546399,2.08166599946613
Slipper,1997,0.26,0.125299640861417,0.0723417813807024,764.066666666667,208.796176529489,120.548528725065,1.659985503,0.188952026351925,0.109091503278209,0.650998269666667,0.0979061378860165,0.0565261350638083,16,1,0.577350269189626
Slipper,1998,2.05666666666667,0.025166114784236,0.0145296631451357,912.2,472.644432951452,272.881390595499,2.000879735,0.0589516199530839,0.0340357336490775,0.790482924666667,0.0264209747004079,0.0152541568555328,16,3.60555127546399,2.08166599946613
Slipper,1999,1.44666666666667,0.483976583455577,0.279424010739553,2027,1447.01467857102,835.43431419432,2.53451188266667,0.285695923640461,0.164946618420199,0.878688307333333,0.0430139762628399,0.0248341307742668,23.3333333333333,5.13160143944688,2.96273147243853
Slipper,2000,1.6,0.0754983443527075,0.0435889894354067,4390.66666666667,1353.30736099873,781.332369168916,2.089458209,0.0983246444105071,0.0567677599183805,0.820819395666667,0.0119765476878456,0.00691466303154007,16.3333333333333,2.51661147842358,1.45296631451356
Slipper,2001,0.733333333333333,0.31005375877956,0.179009621094634,274.2,31.3579336053892,18.1045114083019,2.204509317,0.100587676671586,0.0580743222034992,0.843106096,0.0240850680672288,0.013905520532065,18,5.29150262212918,3.05505046330389
Slipper,2002,0.5,0,0,1598.63333333333,268.546389536954,155.045330289062,2.16415202366667,0.367443059364218,0.212143349235791,0.814136806,0.0755502401700919,0.0436189514995434,19.3333333333333,6.65832811847939,3.84418753155693
Slipper,2003,0.546666666666667,0.124230967690561,0.0717247826378334,1372,94.5803362227054,54.6059825782243,2.023673325,0.0695733340012563,0.0401681831140451,0.776442385666667,0.0133967526624901,0.00773461875595551,21,3,1.73205080756888
Slipper,2004,1.33,0.365102725270574,0.210792156716832,818.533333333333,293.670926946018,169.55098872545,2.143825712,0.204255857730601,0.11792717444432,0.817908331,0.0569758653526712,0.0328950311986766,18.3333333333333,2.08166599946613,1.20185042515466
Slipper,2005,0.896666666666667,0.0802080627701064,0.0463081466314994,952.933333333333,212.80614026229,122.863682365638,2.680527913,0.0701989756307635,0.0405293974772573,0.910432168333333,0.00410126523417914,0.00236786658697138,26,1,0.577350269189626
Slipper,2006,0.62,0.10816653826392,0.062449979983984,629.6,68.5422497442271,39.5728863406921,2.65045431133333,0.0224230923052582,0.0129459783785047,0.907108572,0.00559363296952877,0.0032294855007054,25.6666666666667,0.577350269189626,0.333333333333333
Slipper,2007,0.83,0.0458257569495584,0.0264575131106459,1233.86666666667,179.862317713671,103.843557549058,2.44306758766667,0.0983285132462947,0.0567699935917639,0.880331316,0.0145645838537807,0.00840886640861515,23.3333333333333,4.04145188432738,2.33333333333333
Slipper,2008,1.80333333333333,0.0288675134594813,0.0166666666666667,602.933333333333,112.605032451189,65.0125457978005,2.555122557,0.11458607345065,0.0661563003521152,0.899021034,0.016095731787498,0.009292875080316,21,3.60555127546399,2.08166599946613
Slipper,2009,1.51,0.216564078277077,0.125033328890074,714.466666666667,98.1631974486025,56.6745484714651,2.56077845433333,0.199824448316932,0.115368699026449,0.888772553,0.024722795055989,0.0142737123806952,26.6666666666667,5.03322295684717,2.90593262902712
Slipper,2010,0.616666666666667,0.202072594216369,0.116666666666667,415.333333333333,95.951932410626,55.3978740065397,2.47969452166667,0.195757832653336,0.113020837378381,0.865238311666667,0.0333777747961701,0.0192706672635195,24.3333333333333,5.68624070307733,3.2829526005987
Slipper,2011,0.536666666666667,0.165630109984065,0.095626588585207,441,176.305530259263,101.790045354805,2.17245974966667,0.101180865235439,0.0584167997805202,0.808023440666667,0.0231857783982901,0.0133863153996238,19.6666666666667,0.577350269189626,0.333333333333333
Slipper,2012,1.28166666666667,0.321455025366432,0.185592145427667,896,322.14605383273,185.991110898702,1.85411628833333,0.310881486838046,0.179487510112017,0.674631817666667,0.122299110066129,0.070609424118331,22.6666666666667,2.3094010767585,1.33333333333333
Slipper,2013,2.17,0.788859936870925,0.45544849690534,1146.62333333333,1037.37496183074,598.928713463557,2.14447802333333,0.308385230485077,0.178046295834664,0.75623022,0.0969201255299291,0.0559568605645969,48.3333333333333,6.80685928555405,3.92994204085053
Slipper,2014,1.20333333333333,1.49529632891351,0.863309738016475,1451.624338,498.891688191101,288.035250473599,1.95886366666667,0.162381937349366,0.0937512552401893,0.772221666666667,0.078606331884482,0.0453833868735148,17.6666666666667,1.52752523165195,0.881917103688197
Slipper,2015,1.22133333333333,0.0600444279957211,0.0346666666666667,3861.27333333333,2317.9891553744,1338.29166283404,2.18197609366667,0.240023334802605,0.138577536960076,0.809947417,0.0610673816137088,0.0352572692133804,29,3.46410161513775,2
Slipper,2016,0.559,0.0157162336455017,0.00907377172587745,12343.3264806667,4320.32465750367,2494.34060399632,1.786651853,0.26741453942916,0.154391856324646,0.724395414,0.0958989975736537,0.0553673120641642,13,1,0.577350269189626
Slipper,2017,2.19866666666667,0.187500222222091,0.108253303773039,870.614510366667,291.067740835183,168.048038523609,2.37167711466667,0.113571282983906,0.0655704108029692,0.866768989666667,0.0147683806788627,0.00852652856043627,25,3.60555127546399,2.08166599946613
Slipper,2018,1.85,0.168951011890693,0.097543912194951,4913.36882466667,1914.6938406707,1105.44900432694,2.141064023,0.147638882305566,0.085239348441974,0.805549201,0.0429600358300333,0.0248029882508657,23,3,1.73205080756888
Slipper,2019,2.34222222233333,0.04857220692109,0.0280431767410255,29996.1,18463.7508808476,10660.0515413075,2.108531614,0.246270652187534,0.142184427333977,0.818789351666667,0.0440368261480378,0.0254246734308264,22.6666666666667,3.21455025366432,1.85592145427667
Slipper,2020,3.73333333333333,0.0594761713446916,0.034338583536226,4418.33333333333,299.593079581844,172.970145143927,1.91,0.141774468787578,0.0818535277187245,0.68,0.0360555127546399,0.0208166599946613,32.6666666666667,2.51661147842358,1.45296631451356
Slipper,2021,3.40333333333333,0.199360087109286,0.115100599958214,7182.3,1091.71984043526,630.304743754955,2.13333333333333,0.152752523165195,0.0881917103688196,0.833333333333333,0.0152752523165195,0.00881917103688198,21.3333333333333,4.16333199893227,2.40370085030933
S2,1994,NA,NA,NA,NA,NA,NA,NA,NA,NA,NA,NA,NA,NA,NA,NA
S2,1995,NA,NA,NA,NA,NA,NA,NA,NA,NA,NA,NA,NA,NA,NA,NA
S2,1996,NA,NA,NA,NA,NA,NA,NA,NA,NA,NA,NA,NA,NA,NA,NA
S2,1997,0.33,0.1,0.0577350269189626,888.3,299.82126342206,173.1018871455,1.474051511,0.149259809743592,0.0861751913346552,0.639665488666667,0.0465645525847696,0.0268840569695112,12.6666666666667,2.08166599946613,1.20185042515466
S2,1998,0.773333333333333,0.0208166599946613,0.0120185042515466,255.266666666667,51.9008028197381,29.9649424791335,1.63498891266667,0.0798149619317384,0.0460811897566489,0.711056396,0.0324018528904518,0.018707218488545,10,1,0.577350269189626
S2,1999,0.33,0.0565685424949238,0.04,1682.86666666667,619.128236582159,357.453854053608,1.55414943033333,0.186816843303544,0.107858754770457,0.704905455333333,0.0417751262833174,0.0241188804051039,14,6.557438524302,3.78593889720018
S2,2000,0.476666666666667,0.110151410945722,0.0635959467611297,518,67.2,38.7979380895429,1.81867597433333,0.0925127358444408,0.0534122529432567,0.786355936333333,0.0394381918289899,0.0227696506688194,11,1,0.577350269189626
S2,2001,0.56,0.0818535277187245,0.0472581562625261,529.7,12.375782803524,7.14516153304691,1.36739313866667,0.128620864608162,0.0742592908049247,0.634972262,0.0339558450518377,0.0196044162812397,10.6666666666667,1.15470053837925,0.666666666666667
S2,2002,0.503333333333333,0.353883219909243,0.204314572276293,1085.46666666667,322.940077000879,186.449540388576,1.46953971533333,0.186507456467738,0.107680130197521,0.648871646666667,0.0562565607789752,0.0324797405094239,13,4.35889894354067,2.51661147842358
S2,2003,0.456666666666667,0.225018517756502,0.129914501799367,385.466666666667,237.741820749597,137.260304207411,1.78279329566667,0.595325078423313,0.343711094283035,0.764818417333333,0.131993141741942,0.0762062759158947,11.6666666666667,6.11010092660779,3.52766841475279
S2,2004,0.963333333333333,0.31005375877956,0.179009621094634,506.8,162.236987151512,93.6675682044395,1.967500947,0.196889336615553,0.113674111495556,0.803325494666667,0.0523834913821599,0.0302436228505825,14.3333333333333,1.52752523165195,0.881917103688197
S2,2005,0.993333333333333,0.170391705588427,0.098375697089158,443.8,126.19429464124,72.8583099813146,2.34793126166667,0.0489751335223255,0.0282758065227125,0.874848998,0.0131754812291759,0.00760686763436758,18,2,1.15470053837925
S2,2006,0.266666666666667,0.106926766215636,0.0617341972581738,632.6,83.0065057691263,47.9238284502953,2.52104359633333,0.0899530603187387,0.0519344235894544,0.883155053333333,0.011776238252105,0.00679901432489402,24.6666666666667,2.51661147842358,1.45296631451356
S2,2007,1.59333333333333,0.22300971578237,0.128754719438853,856.8,174.680508357401,100.851838522326,1.98314558333333,0.23774273653737,0.137260832937729,0.764648687333333,0.0546534199381724,0.0315541667134375,19,2.64575131106459,1.52752523165195
S2,2008,1.34,0.0556776436283002,0.0321455025366432,476.933333333333,79.6073698430826,45.9613364083818,1.77411828,0.131505946531168,0.0759249936298062,0.757242069,0.0430799383881172,0.0248722140250519,14,2.64575131106459,1.52752523165195
S2,2009,0.806666666666667,0.231156512634477,0.133458274794451,411.6,36.4806798182271,21.062130313274,1.77655452266667,0.269457490973714,0.155571354948835,0.751522673,0.0563786122068514,0.0325502069341632,14.6666666666667,3.51188458428425,2.02758751009941
S2,2010,0.223333333333333,0.151767365837763,0.0876229295206328,477.866666666667,30.2002207497451,17.4361055794514,2.04780168666667,0.0787040298400605,0.0454397928144673,0.831533709333333,0.0125706405226351,0.00725766268962941,14.6666666666667,2.08166599946613,1.20185042515466
S2,2011,0.256666666666667,0.055075705472861,0.0317979733805649,268.333333333333,56.5803263805833,32.6666666666667,2.14399818766667,0.103071179904069,0.0595081734633067,0.845474664666667,0.0206805351954541,0.011939912562081,13.6666666666667,1.52752523165195,0.881917103688197
S2,2012,0.441666666666667,0.33291640592397,0.192209376577847,315.466666666667,51.8063059224776,29.9103846700625,2.402756437,0.0597398913423133,0.0344908423478436,0.860194093333333,0.0169035191510617,0.00975925133211745,18.6666666666667,1.52752523165195,0.881917103688197
S2,2013,1.49,1.00458946838995,0.58,1173.04666666667,76.7182939938925,44.2933276891427,2.51028214933333,0.233170040231481,0.134620785494602,0.840664675,0.0420236137599898,0.024262344716651,54.6666666666667,2.08166599946613,1.20185042515466
S2,2014,0.817777778,0.643534798735051,0.371544989282574,1069.78769766667,63.6949460243077,36.7742942331527,1.155838,0.208125093616796,0.120161078824773,0.456149666666667,0.0763326083946654,0.0440706520046063,12,1,0.577350269189626
S2,2015,0.41,0.120161932407897,0.0693755240220449,2414.19,456.918674601947,263.802119779201,1.961598284,0.159570225945213,0.092127912904118,0.768053441333333,0.029366059751042,0.0169545025023027,28.3333333333333,3.21455025366432,1.85592145427667
S2,2016,0.327333333333333,0.0214553800556721,0.012387269450708,7479.88276033333,1291.93812451589,745.900823965588,1.913050095,0.0668709735433297,0.0386079745762137,0.798340099333333,0.0346002998113351,0.0199764924101161,13.6666666666667,4.04145188432738,2.33333333333333
S2,2017,0.997666666666667,0.0608714492462052,0.0351441476082592,851.540503,167.485884394946,96.6980204408848,2.18127997933333,0.296912885217812,0.171422734206372,0.782501678666667,0.0689369618869079,0.0398007735025213,28.3333333333333,2.08166599946613,1.20185042515466
S2,2018,0.710000000333333,0.055075705472861,0.0317979733805649,692.198840533333,118.644301705392,68.4993195274233,2.38859097733333,0.180675481516807,0.104313037889694,0.851890425666667,0.0315410565711876,0.0182102375019004,29,1,0.577350269189626
S2,2019,1.73111111133333,0.0769800356995001,0.0444444443333334,3144.73333333333,99.5351361747868,57.4666376643392,1.59983678566667,0.344539285734835,0.198919849365409,0.704418273666667,0.0847636980476502,0.048938343885319,13,2,1.15470053837925
S2,2020,0.917777777666667,0.0539890250541376,0.0311705781482918,904,390.842218804469,225.652860237431,2.62666666666667,0.111504857891185,0.0643773597194265,0.903333333333333,0.00577350269189626,0.00333333333333334,25.3333333333333,5.5075705472861,3.17979733805649
S2,2021,2.136666667,0.0435889894354067,0.0251661147842358,5948.83333333333,2430.53982755546,1403.27282371525,2.46666666666667,0.0577350269189626,0.0333333333333334,0.886666666666667,0.00577350269189626,0.00333333333333334,22.6666666666667,1.52752523165195,0.881917103688197
S3,1994,NA,NA,NA,NA,NA,NA,NA,NA,NA,NA,NA,NA,NA,NA,NA
S3,1995,NA,NA,NA,NA,NA,NA,NA,NA,NA,NA,NA,NA,NA,NA,NA
S3,1996,NA,NA,NA,NA,NA,NA,NA,NA,NA,NA,NA,NA,NA,NA,NA
S3,1997,0.32,0.0888819441731559,0.0513160143944688,1111.03333333333,590.786639433673,341.090825310666,1.29156610566667,0.300384644920312,0.173427155605172,0.552079558333333,0.122207714060764,0.0705566566100308,12,2,1.15470053837925
S3,1998,0.58,0,0,444.766666666667,285.580642434555,164.880060784937,1.911372556,0.221013044314445,0.127601940629364,0.782932143333333,0.0566826995275362,0.0327257718306177,14.6666666666667,1.52752523165195,0.881917103688197
S3,1999,0.82,0.0519615242270663,0.03,684.666666666667,201.638223889553,116.415882841551,1.34073029733333,0.0914709888405786,0.0528108000301493,0.645633174,0.0181989700400784,0.0105071802516132,9.66666666666667,4.50924975282289,2.60341655863555
S3,2000,0.393333333333333,0.102143689640297,0.0589726867098471,452.4,126.527151236405,73.0504848261347,1.95380888933333,0.0932660982504038,0.0538472069311367,0.821070069,0.0169512397081662,0.00978680280860766,11,1,0.577350269189626
S3,2001,0.403333333333333,0.124230967690561,0.0717247826378334,377.1,123.345166099041,71.2133648505204,1.75029187733333,0.194028540559808,0.112022430122676,0.762708055,0.0275069205544268,0.0158811279866759,12.6666666666667,1.52752523165195,0.881917103688197
S3,2002,0.313333333333333,0.165025250593154,0.095277372853043,567.466666666667,82.6039547075885,47.6914154865539,1.33602399233333,0.199810118149323,0.115360425500323,0.606211892666667,0.0731057227199504,0.0422076086916655,9.66666666666667,2.08166599946613,1.20185042515466
S3,2003,0.353333333333333,0.102143689640297,0.0589726867098471,374.733333333333,64.8297256922574,37.4294595799144,1.75918151666667,0.322086422942786,0.185956682988341,0.750980411,0.0719693235489673,0.0415515083243915,12,4.35889894354067,2.51661147842358
S3,2004,0.643333333333333,0.267644042215278,0.15452435981999,490.933333333333,153.600694442875,88.6814022843071,1.76309926,0.0988015924766519,0.0570431260127587,0.757329286333333,0.0109099924089256,0.00629888705414997,13.3333333333333,2.3094010767585,1.33333333333333
S3,2005,0.456666666666667,0.166533279957291,0.096148034012373,393.866666666667,140.177221164258,80.9313563734381,2.32608759533333,0.110972565467756,0.0640700405454721,0.855030683333333,0.00245894681489907,0.00141967360550495,21,5.29150262212918,3.05505046330389
S3,2006,0.19,0.124899959967968,0.0721110255092798,327.133333333333,33.1989959687538,19.1674492593853,2.290876229,0.116955038226028,0.0675240228028805,0.859342761333333,0.0188137558809692,0.0108621270223455,18,2,1.15470053837925
S3,2007,0.676666666666667,0.0288675134594812,0.0166666666666666,576.8,135.64836895444,78.3166223309799,1.70148616366667,0.1363836904698,0.0787411604058136,0.697932101333333,0.0440448990324574,0.0254293343128192,14.6666666666667,4.04145188432738,2.33333333333333
S3,2008,1.01,0.0435889894354068,0.0251661147842359,324.8,55.0824836041368,31.8018867364815,2.09466071533333,0.208834584892279,0.120570703803661,0.822270888666667,0.0362290413396309,0.020916846769918,15.3333333333333,2.3094010767585,1.33333333333333
S3,2009,0.703333333333333,0.183393929379719,0.105882534495124,385.466666666667,44.3235076830944,25.590189092263,1.773682186,0.169530398673379,0.0978784213098999,0.756338897333333,0.0248237562490814,0.0143320023527048,15.3333333333333,3.51188458428425,2.02758751009941
S3,2010,0.313333333333333,0.343850742813409,0.198522318924375,606.666666666667,48.0372078011757,27.7342948551268,2.200799505,0.117053143798334,0.06758066408146,0.836633361666667,0.0265189026723438,0.0153106955964912,19.6666666666667,1.15470053837925,0.666666666666667
S3,2011,0.06,0.05,0.0288675134594813,170.333333333333,26.3532414198583,15.2150510277744,1.881370413,0.0458268098750338,0.0264581210174526,0.80289696,0.012808299367695,0.00739487508780002,10.3333333333333,2.08166599946613,1.20185042515466
S3,2012,0.278,0.143815854480652,0.0830321222981403,289.8,28.588808999327,16.5057565715722,2.16389565466667,0.25207006534172,0.145532720079688,0.835953381666667,0.0676180960217707,0.0390393259402593,15.6666666666667,0.577350269189626,0.333333333333333
S3,2013,0.906666666666667,0.670099495100044,0.386882123879842,1788.76666666667,1150.55297298009,664.272068666982,2.01399725533333,0.122183337933584,0.070542583046442,0.696137758333333,0.0730855380476648,0.0421959550656879,53.3333333333333,0.577350269189626,0.333333333333333
S3,2014,0.877777778,0.0356422554415817,0.0205780657737226,831.598653666667,143.370777401996,82.7751569269686,2.44383533333333,0.0224221809004684,0.0129454521787039,0.874057666666667,0.00950272636317247,0.00548640162381298,23,4,2.3094010767585
S3,2015,0.2611,0.0529398715525453,0.0305648490917263,740.013333333333,94.4029725873785,54.5035816356238,2.27048435433333,0.146825789918847,0.0847699093336256,0.870485485333333,0.0140742037889633,0.00812574534618762,18.6666666666667,4.16333199893227,2.40370085030933
S3,2016,0.229666666666667,0.00351188458428425,0.00202758751009941,6013.39614033333,3168.69272968592,1829.44560046337,1.67780872166667,0.341605781200506,0.197226189732844,0.743306872,0.10094367014147,0.0582798551291664,15,3.60555127546399,2.08166599946613
S3,2017,0.583333333333333,0.0230940107675851,0.0133333333333333,1000.73927483333,506.893953272541,292.655360372495,1.483258182,0.414631502171855,0.239387609393419,0.576477809666667,0.157062268736055,0.0906799431342949,21,0,0
S3,2018,0.640740740666667,0.0373395055292478,0.0215579735687187,2869.0700573,3949.08845311789,2280.00728146126,2.14956875733333,0.305456303648301,0.176355279137015,0.803540109333333,0.0636189775839753,0.0367304338336769,27.3333333333333,1.52752523165195,0.881917103688197
S3,2019,0.718888889,0.0598454802959409,0.0345518041586439,1808.13333333333,55.9138921318605,32.2819006737693,1.43285349266667,0.156468358700411,0.090337049015341,0.669479514333333,0.0535697531464699,0.0309285113995362,10,1,0.577350269189626
S3,2020,1.1425,0.145193835957316,0.0838277002746308,806.466666666667,216.003711387868,124.709800915744,2.42333333333333,0.135769412362775,0.0783865067753657,0.866666666666667,0.0288675134594813,0.0166666666666667,24,1.73205080756888,1
S3,2021,1.76,0.0608276253029823,0.0351188458428425,3513.7,717.033730029488,413.979617050566,2.36666666666667,0.0577350269189626,0.0333333333333334,0.863333333333333,0.00577350269189626,0.00333333333333334,22.3333333333333,1.52752523165195,0.881917103688197
Cujo,1994,NA,NA,NA,NA,NA,NA,NA,NA,NA,NA,NA,NA,NA,NA,NA
Cujo,1995,NA,NA,NA,NA,NA,NA,NA,NA,NA,NA,NA,NA,NA,NA,NA
Cujo,1996,NA,NA,NA,NA,NA,NA,NA,NA,NA,NA,NA,NA,NA,NA,NA
Cujo,1997,NA,NA,NA,NA,NA,NA,NA,NA,NA,NA,NA,NA,NA,NA,NA
Cujo,1998,NA,NA,NA,NA,NA,NA,NA,NA,NA,NA,NA,NA,NA,NA,NA
Cujo,1999,2.1,0.216564078277077,0.125033328890074,4277.46666666667,3893.16045049948,2247.71723409428,1.80752870333333,0.189608904676571,0.109470752155769,0.726225577,0.0938586952832525,0.0541893429875729,14.6666666666667,2.88675134594813,1.66666666666667
Cujo,2000,1.4,0.098488578017961,0.0568624070307733,1725.73333333333,187.71140970472,108.375232922984,2.20270982533333,0.108980224860451,0.0629197621595274,0.843489278666667,0.019802858969683,0.0114331859568707,19,4.58257569495584,2.64575131106459
Cujo,2001,2.19666666666667,1.19139973700406,0.687854958871741,6461.41666666667,287.028057571613,165.715726303946,1.570396411,0.0921322516025333,0.0531925802637689,0.622417266,0.06306074416502,0.0364081376189724,21.3333333333333,3.78593889720018,2.185812841434
Cujo,2002,5.1,1.05830052442584,0.611010092660779,6526.66666666667,644.825320015687,372.290072091343,1.80704910733333,0.171206297443974,0.0988460019162378,0.74140309,0.0422122736778688,0.0243712675710237,16.6666666666667,4.04145188432738,2.33333333333333
Cujo,2003,1.35333333333333,0.657672664274055,0.379707489757284,1027.6,96.6304299897294,55.7896047664796,1.97891103533333,0.232206749410903,0.134064629280033,0.782496077333333,0.0378212676241057,0.0218361190438703,18.3333333333333,5.68624070307733,3.2829526005987
Cujo,2004,0.526666666666667,0.0950438495292217,0.0548735921105144,1041.6,45.061735430407,26.0164050808972,2.01657349733333,0.11281294736641,0.065132585530072,0.804240837666667,0.0155211168132958,0.00896112097027997,16,1.73205080756888,1
Cujo,2005,0.973333333333333,0.393996615890712,0.227474052244304,632.333333333333,82.0205665265324,47.3545961631791,2.08882956266667,0.117212123825954,0.0676724512432024,0.815386547,0.0279512400744746,0.0161376559811818,18.3333333333333,4.16333199893227,2.40370085030933
Cujo,2006,0.276666666666667,0.0513160143944688,0.0296273147243853,370.933333333333,31.4078546439156,18.1333333333333,1.95351125033333,0.183341169033941,0.105852073295286,0.788226035666667,0.0551916803102374,0.0318649314841434,15.6666666666667,0.577350269189626,0.333333333333333
Cujo,2007,1.75666666666667,0.0568624070307733,0.032829526005987,550.666666666667,254.697415246667,147.049621254565,2.034891544,0.252934698644936,0.14603191635005,0.764480937,0.0933580329325032,0.0539002854445947,19,3.60555127546399,2.08166599946613
Cujo,2008,1.17333333333333,0.0750555349946513,0.0433333333333333,577.266666666667,158.925181558283,91.7554963536851,2.55129907366667,0.213415913228573,0.123215734951867,0.897513152666667,0.020198873789911,0.0116618252199324,22.3333333333333,4.04145188432738,2.33333333333333
Cujo,2009,1.44666666666667,0.119303534454489,0.0688799277325727,616.466666666667,9.93243843843663,5.73449600614078,2.49220336933333,0.260178822560974,0.150214313243018,0.876624180333333,0.0395496825537785,0.0228340198687883,22.3333333333333,4.93288286231625,2.84800124843918
Cujo,2010,0.706666666666667,0.0568624070307733,0.032829526005987,1569.86666666667,441.569262215265,254.940132405848,2.30094078666667,0.151352277578573,0.0873832782024522,0.821427961,0.0300338093158022,0.0173400278932683,25.6666666666667,2.08166599946613,1.20185042515466
Cujo,2011,0.233333333333333,0.186100331362771,0.107445076408575,108.733333333333,17.7271919190077,10.2347990264153,0.755651931,0.0674567403670806,0.0389461672095887,0.337930460333333,0.049208481413425,0.0284105299904536,6,0,0
Cujo,2012,0.353333333333333,0.433714575882957,0.25040522713749,480.2,247.372512620137,142.82058675135,2.03693474633333,0.186607325290698,0.10773778948934,0.822792585,0.0245574751947143,0.0141782649142859,17,4.58257569495584,2.64575131106459
Cujo,2013,1.05666666666667,0.716542624924249,0.413696077385856,1887.58,468.054602904405,270.231450982302,1.943999428,0.440069515700515,0.254074253351841,0.726796195666667,0.0864724932987864,0.0499249172835524,44,2,1.15470053837925
Cujo,2014,1.658888889,1.10505069413713,0.638001315728257,2765.18511433333,1677.54619127028,968.531745107928,2.34168633333333,0.083422429653741,0.04816396221704,0.879849,0.0137054528929182,0.00791284691709207,21.6666666666667,1.15470053837925,0.666666666666667
Cujo,2015,1.2711,0.204114257218843,0.11784542135074,1477.18,777.148417163671,448.686847849737,0.785235384333333,0.0287687446109029,0.0166096424453524,0.340347288333333,0.0379059541412252,0.021885012827326,9,4.58257569495584,2.64575131106459
Cujo,2016,1.08666666666667,0.0416333199893227,0.0240370085030933,133757.713816667,119896.281792999,69222.1505680234,0.884488603666667,0.172615894528463,0.0996598331724162,0.391874485,0.0871937109557772,0.0503413124919604,10,2.64575131106459,1.52752523165195
Cujo,2017,5.73333333333333,0.115470053837925,0.0666666666666667,2062.51629166667,382.473872548286,220.821393273752,2.01887346933333,0.0645478867144641,0.0372667397702173,0.790925624,0.0354908572029413,0.0204906559598887,25.3333333333333,2.88675134594813,1.66666666666667
Cujo,2018,4.22222222233333,0.126197963474793,0.072860428183354,11136.2943263333,4707.20184232562,2717.7042507966,2.26054633066667,0.0336431394235516,0.0194238756025716,0.846107083,0.00759705420111171,0.00438616128806002,23.6666666666667,1.15470053837925,0.666666666666667
Cujo,2019,4.9,0.120185042284341,0.069388866515431,48422.3666666667,11327.652719047,6540.02334662839,1.65844376966667,0.0782503912910012,0.0451778844760531,0.725377936,0.0259186491032012,0.0149641390367647,14,1,0.577350269189626
Cujo,2020,16.6,2.151743479135,1.24230967690561,27291.3333333333,523.498293534309,302.241880692343,0.78,0.160934769394311,0.0929157324317757,0.32,0.0721110255092798,0.0416333199893227,14.3333333333333,0.577350269189626,0.333333333333333
Cujo,2021,6.022222222,0.164429428822711,0.0949333749934887,9130.2,392.6821233517,226.715129623058,1.9,0,0,0.793333333333333,0.0208166599946613,0.0120185042515466,18,2,1.15470053837925
LdS1,1994,NA,NA,NA,NA,NA,NA,NA,NA,NA,NA,NA,NA,NA,NA,NA
LdS1,1995,NA,NA,NA,NA,NA,NA,NA,NA,NA,NA,NA,NA,NA,NA,NA
LdS1,1996,NA,NA,NA,NA,NA,NA,NA,NA,NA,NA,NA,NA,NA,NA,NA
LdS1,1997,NA,NA,NA,NA,NA,NA,NA,NA,NA,NA,NA,NA,NA,NA,NA
LdS1,1998,NA,NA,NA,NA,NA,NA,NA,NA,NA,NA,NA,NA,NA,NA,NA
LdS1,1999,NA,NA,NA,NA,NA,NA,NA,NA,NA,NA,NA,NA,NA,NA,NA
LdS1,2000,0.536666666666667,0.0737111479583199,0.0425571511160124,502.966666666667,379.847500101466,219.305056434588,1.73844738733333,0.167176779098959,0.0965195584150383,0.749753946333333,0.0367162896546132,0.0211981597157352,11.6666666666667,0.577350269189626,0.333333333333333
LdS1,2001,0.51,0.329089653438087,0.19,154.233333333333,41.7500099800387,24.1043795006449,1.79550517466667,0.103136977098004,0.0595461614909369,0.760674111333333,0.0462640577314931,0.026710566185082,13.6666666666667,2.3094010767585,1.33333333333333
LdS1,2002,0.3,0.2,0.115470053837925,794.266666666667,66.8099792945136,38.5727595302407,2.323748025,0.181843954445596,0.104987656049671,0.871919572666667,0.0182809322649192,0.0105545011641884,19.6666666666667,5.85946527708232,3.38296385503074
LdS1,2003,0.2,0.0608276253029822,0.0351188458428425,1102.26666666667,134.875547573804,77.8704336988337,1.10760440666667,0.0818921617396724,0.0472804616249202,0.409052942333333,0.0265736439352845,0.0153423004793858,17,3.46410161513775,2
LdS1,2004,0.403333333333333,0.162890556304942,0.0940449065311059,915.6,70.3351974476506,40.6080451799066,1.587256912,0.184724865147386,0.106650950618861,0.66873407,0.0609557084755042,0.0351927946969767,14.6666666666667,2.51661147842358,1.45296631451356
LdS1,2005,0.393333333333333,0.0404145188432738,0.0233333333333333,902.533333333333,227.582190281519,131.394638821799,1.674299386,0.111190060219307,0.0641956111988276,0.692742065,0.0355932659566602,0.0205497816814157,16.3333333333333,1.15470053837925,0.666666666666667
LdS1,2006,0.423333333333333,0.179536440126603,0.103655412036441,481.7,39.6442934102753,22.888643472255,2.03181918466667,0.249565036459035,0.144086440979943,0.800732126333333,0.0573963322843609,0.033137787894873,18.6666666666667,0.577350269189626,0.333333333333333
LdS1,2007,0.643333333333333,0.0152752523165195,0.00881917103688198,292.133333333333,101.780417238943,58.7629512911362,2.13422775966667,0.128508104772606,0.0741941888835127,0.837939360333333,0.0254372469371146,0.0146862013665861,16,2.64575131106459,1.52752523165195
LdS1,2008,0.69,0.0264575131106459,0.0152752523165194,1295.46666666667,569.834970261859,328.994373474347,1.29198010533333,0.350498212785951,0.202360237502451,0.529771761,0.139649546276903,0.0806267031351789,15.3333333333333,1.15470053837925,0.666666666666667
LdS1,2009,0.48,0.101488915650922,0.0585946527708231,382.2,54.7791931302388,31.6267818997339,2.435415541,0.146803734019838,0.0847571753543954,0.890117383,0.013107908318929,0.00756785439644661,19.3333333333333,3.78593889720018,2.185812841434
LdS1,2010,0.54,0.288444102037119,0.166533279957291,709.4,108.493502109573,62.6387526482874,1.81757227,0.0643619666998028,0.0371593987997049,0.688274262666667,0.0191908039553822,0.0110798158296052,16.6666666666667,0.577350269189626,0.333333333333333
LdS1,2011,0.22,0.0173205080756888,0.01,696.733333333333,199.205455079256,115.01132311405,1.77708611166667,0.355143561609442,0.205042230896174,0.746807994333333,0.0974850208222235,0.056283003013667,15,4,2.3094010767585
LdS1,2012,0.243333333333333,0.206478408879314,0.119210364948318,320.6,87.1043052896928,50.2896941065795,1.90298507066667,0.158451944380815,0.0914822727418829,0.769915526333333,0.0483466958652417,0.0279129778722263,16.6666666666667,1.15470053837925,0.666666666666667
LdS1,2013,0.563333333333333,0.155349069303081,0.0896908269804914,1091.22333333333,690.413441521335,398.610386314478,2.897691522,0.0600947116125701,0.0346956979263903,0.917502348333333,0.00998758521202002,0.00576633501071408,51.3333333333333,3.78593889720018,2.185812841434
LdS1,2014,0.238888889,0.032885885906447,0.0189866750806265,695.541463633333,100.081176409825,57.781894141027,2.67943733333333,0.184253192757502,0.106378630437592,0.878845333333333,0.0278733026448846,0.0160926587852281,32,6.557438524302,3.78593889720018
LdS1,2015,0.273333333333333,0.0333500124937508,0.0192546386907444,616.153333333333,142.395976183786,82.2123551812284,1.934867504,0.105504088846596,0.0609128140961886,0.771013658666667,0.0280536387516627,0.016196775885021,21,3,1.73205080756888
LdS1,2016,0.351,0.00818535277187243,0.0047258156262526,6041.81577833333,1020.21179805875,589.019556239653,1.470561967,0.0562999129262308,0.0325047698833118,0.680986566666667,0.0668546717851969,0.0385985627517675,11,1,0.577350269189626
LdS1,2017,0.255333333333333,0.05441813423238,0.0314183244478618,526.073771366667,27.4021681503131,15.8206491579627,2.075409394,0.164593160798098,0.0950279056935532,0.764869118,0.0496646936967121,0.028673924275017,27.6666666666667,2.51661147842358,1.45296631451356
LdS1,2018,0.989444444333333,0.0583174582890603,0.0336696002416438,774.539390266667,295.570592242016,170.647760995465,2.33518228566667,0.101497720355875,0.0585997361695978,0.821949000666667,0.0118303130635447,0.00683023443183507,37.3333333333333,3.05505046330389,1.76383420737639
LdS1,2019,1.26444444466667,0.0134715060886412,0.00777777766666669,2555.3,521.115064069347,300.865922519207,1.30943088966667,0.139679929846997,0.080644245097552,0.549185330333333,0.0674784661146703,0.0389587105758079,12,2,1.15470053837925
LdS1,2020,2.08416666666667,0.101036297108184,0.0583333333333333,5484.76666666667,2910.89895793951,1680.60829695018,1.64,0.138924439894498,0.0802080627701064,0.65,0.0173205080756888,0.01,32.6666666666667,4.50924975282289,2.60341655863555
LdS1,2021,1.182222222,0.0894634209773077,0.0516517301838734,11621.9,17351.3127880861,10017.7851089949,2.1,0.264575131106459,0.152752523165195,0.796666666666667,0.0850490054811538,0.0491030662088541,22.3333333333333,1.15470053837925,0.666666666666667
Northeast,1994,NA,NA,NA,NA,NA,NA,NA,NA,NA,NA,NA,NA,NA,NA,NA
Northeast,1995,NA,NA,NA,NA,NA,NA,NA,NA,NA,NA,NA,NA,NA,NA,NA
Northeast,1996,NA,NA,NA,NA,NA,NA,NA,NA,NA,NA,NA,NA,NA,NA,NA
Northeast,1997,NA,NA,NA,NA,NA,NA,NA,NA,NA,NA,NA,NA,NA,NA,NA
Northeast,1998,NA,NA,NA,NA,NA,NA,NA,NA,NA,NA,NA,NA,NA,NA,NA
Northeast,1999,NA,NA,NA,NA,NA,NA,NA,NA,NA,NA,NA,NA,NA,NA,NA
Northeast,2000,NA,NA,NA,NA,NA,NA,NA,NA,NA,NA,NA,NA,NA,NA,NA
Northeast,2001,NA,NA,NA,NA,NA,NA,NA,NA,NA,NA,NA,NA,NA,NA,NA
Northeast,2002,NA,NA,NA,NA,NA,NA,NA,NA,NA,NA,NA,NA,NA,NA,NA
Northeast,2003,NA,NA,NA,NA,NA,NA,NA,NA,NA,NA,NA,NA,NA,NA,NA
Northeast,2004,NA,NA,NA,NA,NA,NA,NA,NA,NA,NA,NA,NA,NA,NA,NA
Northeast,2005,NA,NA,NA,NA,NA,NA,NA,NA,NA,NA,NA,NA,NA,NA,NA
Northeast,2006,NA,NA,NA,NA,NA,NA,NA,NA,NA,NA,NA,NA,NA,NA,NA
Northeast,2007,0.706666666666667,0.089628864398325,0.0517472489875334,1298.13333333333,169.816999541663,98.043890398354,1.21378412666667,0.167592006824634,0.096759290254232,0.479734899666667,0.0935768442871396,0.0540266162390957,16.6666666666667,0.577350269189626,0.333333333333333
Northeast,2008,NA,NA,NA,NA,NA,NA,NA,NA,NA,NA,NA,NA,NA,NA,NA
Northeast,2009,NA,NA,NA,NA,NA,NA,NA,NA,NA,NA,NA,NA,NA,NA,NA
Northeast,2010,NA,NA,NA,NA,NA,NA,NA,NA,NA,NA,NA,NA,NA,NA,NA
Northeast,2011,NA,NA,NA,NA,NA,NA,NA,NA,NA,NA,NA,NA,NA,NA,NA
Northeast,2012,NA,NA,NA,NA,NA,NA,NA,NA,NA,NA,NA,NA,NA,NA,NA
Northeast,2013,NA,NA,NA,NA,NA,NA,NA,NA,NA,NA,NA,NA,NA,NA,NA
Northeast,2014,NA,NA,NA,NA,NA,NA,NA,NA,NA,NA,NA,NA,NA,NA,NA
Northeast,2015,NA,NA,NA,NA,NA,NA,NA,NA,NA,NA,NA,NA,NA,NA,NA
Northeast,2016,1.30333333333333,0.0351188458428425,0.0202758751009941,12777.9,11549.8325862326,6668.29895275649,1.69386942333333,0.320685601942737,0.185147918606876,0.708346911,0.0415342645935634,0.0239798188436869,28.3333333333333,2.88675134594813,1.66666666666667
Northeast,2017,1.05333333333333,0.0960902353693305,0.0554777232569775,3665.67666666667,1349.31436190138,779.027010065191,1.407888762,0.211976550167172,0.122384718300905,0.540600861666667,0.0941240733066232,0.054342559060803,24.3333333333333,1.52752523165195,0.881917103688197
Northeast,2018,1.03555555566667,0.05315943854384,0.0306916161532554,5537.04557566667,2657.88348444179,1534.52974521713,2.28289387833333,0.0231363959255155,0.0133578044156741,0.818675052,0.0271332813396532,0.0156654072854466,36,2.64575131106459,1.52752523165195
Northeast,2019,0.796666666666667,0.0366666665,0.0211695097740612,3209.9,1175.53378939102,678.694749746404,1.97236595633333,0.0598380757920238,0.0345475291663142,0.782833024,0.0340385874833875,0.0196521876463684,16,1,0.577350269189626
Northeast,2020,1.022888889,0.138798548209133,0.0801353791716721,5234.33333333333,36.7524602351095,21.2190428101215,1.64666666666667,0.433166634603051,0.250088873092036,0.686666666666667,0.110151410945722,0.0635959467611297,25,6.92820323027551,4
Northeast,2021,1.23629629633333,0.0492077146173248,0.0284100872805188,3774.96666666667,2426.58315401169,1400.98843717966,1.83333333333333,0.115470053837925,0.0666666666666667,0.75,0.01,0.00577350269189626,20,3.46410161513775,2
Ulu,1994,NA,NA,NA,NA,NA,NA,NA,NA,NA,NA,NA,NA,NA,NA,NA
Ulu,1995,NA,NA,NA,NA,NA,NA,NA,NA,NA,NA,NA,NA,NA,NA,NA
Ulu,1996,NA,NA,NA,NA,NA,NA,NA,NA,NA,NA,NA,NA,NA,NA,NA
Ulu,1997,NA,NA,NA,NA,NA,NA,NA,NA,NA,NA,NA,NA,NA,NA,NA
Ulu,1998,NA,NA,NA,NA,NA,NA,NA,NA,NA,NA,NA,NA,NA,NA,NA
Ulu,1999,0.773333333333333,0.305341339050796,0.176288904295698,1987.46666666667,2147.15373770332,1239.65978845452,2.01590042233333,0.365148068168087,0.210818335450917,0.766280764,0.0724356337100324,0.0418207326214084,17.3333333333333,7.09459888459759,4.09606857581484
Ulu,2000,NA,NA,NA,NA,NA,NA,NA,NA,NA,NA,NA,NA,NA,NA,NA
Ulu,2001,NA,NA,NA,NA,NA,NA,NA,NA,NA,NA,NA,NA,NA,NA,NA
Ulu,2002,NA,NA,NA,NA,NA,NA,NA,NA,NA,NA,NA,NA,NA,NA,NA
Ulu,2003,NA,NA,NA,NA,NA,NA,NA,NA,NA,NA,NA,NA,NA,NA,NA
Ulu,2004,0.7,0.0781024967590666,0.0450924975282289,1347.73333333333,671.09133009847,387.454760083176,2.213703975,0.109016485825175,0.0629406974372716,0.845456471333333,0.0197247569713235,0.0113880937470935,19,2.64575131106459,1.52752523165195
Ulu,2005,NA,NA,NA,NA,NA,NA,NA,NA,NA,NA,NA,NA,NA,NA,NA
Ulu,2006,NA,NA,NA,NA,NA,NA,NA,NA,NA,NA,NA,NA,NA,NA,NA
Ulu,2007,NA,NA,NA,NA,NA,NA,NA,NA,NA,NA,NA,NA,NA,NA,NA
Ulu,2008,NA,NA,NA,NA,NA,NA,NA,NA,NA,NA,NA,NA,NA,NA,NA
Ulu,2009,NA,NA,NA,NA,NA,NA,NA,NA,NA,NA,NA,NA,NA,NA,NA
Ulu,2010,NA,NA,NA,NA,NA,NA,NA,NA,NA,NA,NA,NA,NA,NA,NA
Ulu,2011,NA,NA,NA,NA,NA,NA,NA,NA,NA,NA,NA,NA,NA,NA,NA
Ulu,2012,NA,NA,NA,NA,NA,NA,NA,NA,NA,NA,NA,NA,NA,NA,NA
Ulu,2013,NA,NA,NA,NA,NA,NA,NA,NA,NA,NA,NA,NA,NA,NA,NA
Ulu,2014,NA,NA,NA,NA,NA,NA,NA,NA,NA,NA,NA,NA,NA,NA,NA
Ulu,2015,NA,NA,NA,NA,NA,NA,NA,NA,NA,NA,NA,NA,NA,NA,NA
Ulu,2016,2.21,0.0529150262212919,0.030550504633039,3023.03333333333,528.11518945523,304.907446795107,2.42281401533333,0.279230196799218,0.1612136292879,0.871918551,0.0415009367363627,0.0239605769963606,25.3333333333333,1.52752523165195,0.881917103688197
Ulu,2017,NA,NA,NA,NA,NA,NA,NA,NA,NA,NA,NA,NA,NA,NA,NA
Ulu,2018,1.492222222,0.0836881337643693,0.048317366556836,3033.456144,632.526225194789,365.18918638571,2.74274793133333,0.256399007134966,0.148032035789326,0.887273198666667,0.0350767320127516,0.0202515606698545,41.6666666666667,0.577350269189626,0.333333333333333
Ulu,2019,2.86333333333333,0.060092520934158,0.0346944331376193,17257.7666666667,11339.1632726288,6546.66896783734,1.81581183833333,0.356846031702144,0.206025152462483,0.711587379,0.128170898982948,0.0739995030300816,18,0,0
Ulu,2020,8.02222222233333,0.795356895981411,0.459199517996693,21934.4666666667,6145.32675887404,3548.00605849414,2.07333333333333,0.161967074843418,0.0935117342607035,0.78,0.0458257569495584,0.0264575131106459,28.6666666666667,2.08166599946613,1.20185042515466
Ulu,2021,5.48888888866667,0.298762881222377,0.172490829897608,30848.3,11673.3425667201,6739.60747323858,2.2,0.173205080756888,0.0999999999999999,0.803333333333333,0.0665832811847939,0.0384418753155693,27.6666666666667,1.52752523165195,0.881917103688197
Horseshoe,1994,NA,NA,NA,NA,NA,NA,NA,NA,NA,NA,NA,NA,NA,NA,NA
Horseshoe,1995,NA,NA,NA,NA,NA,NA,NA,NA,NA,NA,NA,NA,NA,NA,NA
Horseshoe,1996,NA,NA,NA,NA,NA,NA,NA,NA,NA,NA,NA,NA,NA,NA,NA
Horseshoe,1997,NA,NA,NA,NA,NA,NA,NA,NA,NA,NA,NA,NA,NA,NA,NA
Horseshoe,1998,NA,NA,NA,NA,NA,NA,NA,NA,NA,NA,NA,NA,NA,NA,NA
Horseshoe,1999,NA,NA,NA,NA,NA,NA,NA,NA,NA,NA,NA,NA,NA,NA,NA
Horseshoe,2000,NA,NA,NA,NA,NA,NA,NA,NA,NA,NA,NA,NA,NA,NA,NA
Horseshoe,2001,0.266666666666667,0.145028732785381,0.0837323779138698,4799.63333333333,1507.22218777901,870.195135842786,0.803884282,0.153967176083354,0.0888929905580912,0.318166712666667,0.0671300359925656,0.038757544351017,14.3333333333333,1.15470053837925,0.666666666666667
Horseshoe,2002,0.733333333333333,0.251661147842358,0.145296631451356,2446.93333333333,204.427917206367,118.026513028971,1.844947046,0.230097364413424,0.132846775283914,0.74821153,0.0596669587635954,0.0344487347038881,16.6666666666667,2.88675134594813,1.66666666666667
Horseshoe,2003,NA,NA,NA,NA,NA,NA,NA,NA,NA,NA,NA,NA,NA,NA,NA
Horseshoe,2004,NA,NA,NA,NA,NA,NA,NA,NA,NA,NA,NA,NA,NA,NA,NA
Horseshoe,2005,NA,NA,NA,NA,NA,NA,NA,NA,NA,NA,NA,NA,NA,NA,NA
Horseshoe,2006,NA,NA,NA,NA,NA,NA,NA,NA,NA,NA,NA,NA,NA,NA,NA
Horseshoe,2007,NA,NA,NA,NA,NA,NA,NA,NA,NA,NA,NA,NA,NA,NA,NA
Horseshoe,2008,NA,NA,NA,NA,NA,NA,NA,NA,NA,NA,NA,NA,NA,NA,NA
Horseshoe,2009,NA,NA,NA,NA,NA,NA,NA,NA,NA,NA,NA,NA,NA,NA,NA
Horseshoe,2010,NA,NA,NA,NA,NA,NA,NA,NA,NA,NA,NA,NA,NA,NA,NA
Horseshoe,2011,NA,NA,NA,NA,NA,NA,NA,NA,NA,NA,NA,NA,NA,NA,NA
Horseshoe,2012,NA,NA,NA,NA,NA,NA,NA,NA,NA,NA,NA,NA,NA,NA,NA
Horseshoe,2013,NA,NA,NA,NA,NA,NA,NA,NA,NA,NA,NA,NA,NA,NA,NA
Horseshoe,2014,NA,NA,NA,NA,NA,NA,NA,NA,NA,NA,NA,NA,NA,NA,NA
Horseshoe,2015,NA,NA,NA,NA,NA,NA,NA,NA,NA,NA,NA,NA,NA,NA,NA
Horseshoe,2016,1.86,0.0199999999999999,0.0115470053837925,9591.1,7855.82194490176,4535.5609145948,2.033859657,0.527627577107796,0.304625923675056,0.781420286333333,0.111297178105288,0.0642574557391336,25.3333333333333,0.577350269189626,0.333333333333333
Horseshoe,2017,NA,NA,NA,NA,NA,NA,NA,NA,NA,NA,NA,NA,NA,NA,NA
Horseshoe,2018,1.90666666666667,0.216204635524362,0.124825804520035,6385.27847533333,705.805921082089,407.497238532376,2.60599412833333,0.153633305871369,0.0887002305013271,0.873120351666667,0.0300003644790129,0.017320718507745,42,2.64575131106459,1.52752523165195
Horseshoe,2019,1.096111111,0.0583412694665017,0.0336833476313493,11391.9,1923.86701463485,1110.74513878447,2.14509266133333,0.109544143699998,0.063245340853341,0.805894623,0.0354989153656853,0.0204953083423182,22.3333333333333,1.15470053837925,0.666666666666667
Horseshoe,2020,1.45888888866667,0.0453790620914128,0.0261996137140499,7831.06666666667,2293.76851781808,1324.30787122095,1.93666666666667,0.21733231083604,0.125476868164791,0.75,0.0721110255092798,0.0416333199893227,30,2.64575131106459,1.52752523165195
Horseshoe,2021,2.03,0.268224615740034,0.154859554100793,15079.9333333333,12043.0567350376,6953.06204783987,1.63333333333333,0.251661147842358,0.145296631451356,0.696666666666667,0.0950438495292217,0.0548735921105145,24,6.08276253029822,3.51188458428425
HWL2,1994,NA,NA,NA,NA,NA,NA,NA,NA,NA,NA,NA,NA,NA,NA,NA
HWL2,1995,NA,NA,NA,NA,NA,NA,NA,NA,NA,NA,NA,NA,NA,NA,NA
HWL2,1996,NA,NA,NA,NA,NA,NA,NA,NA,NA,NA,NA,NA,NA,NA,NA
HWL2,1997,NA,NA,NA,NA,NA,NA,NA,NA,NA,NA,NA,NA,NA,NA,NA
HWL2,1998,NA,NA,NA,NA,NA,NA,NA,NA,NA,NA,NA,NA,NA,NA,NA
HWL2,1999,NA,NA,NA,NA,NA,NA,NA,NA,NA,NA,NA,NA,NA,NA,NA
HWL2,2000,NA,NA,NA,NA,NA,NA,NA,NA,NA,NA,NA,NA,NA,NA,NA
HWL2,2001,NA,NA,NA,NA,NA,NA,NA,NA,NA,NA,NA,NA,NA,NA,NA
HWL2,2002,NA,NA,NA,NA,NA,NA,NA,NA,NA,NA,NA,NA,NA,NA,NA
HWL2,2003,NA,NA,NA,NA,NA,NA,NA,NA,NA,NA,NA,NA,NA,NA,NA
HWL2,2004,NA,NA,NA,NA,NA,NA,NA,NA,NA,NA,NA,NA,NA,NA,NA
HWL2,2005,NA,NA,NA,NA,NA,NA,NA,NA,NA,NA,NA,NA,NA,NA,NA
HWL2,2006,NA,NA,NA,NA,NA,NA,NA,NA,NA,NA,NA,NA,NA,NA,NA
HWL2,2007,NA,NA,NA,NA,NA,NA,NA,NA,NA,NA,NA,NA,NA,NA,NA
HWL2,2008,NA,NA,NA,NA,NA,NA,NA,NA,NA,NA,NA,NA,NA,NA,NA
HWL2,2009,NA,NA,NA,NA,NA,NA,NA,NA,NA,NA,NA,NA,NA,NA,NA
HWL2,2010,NA,NA,NA,NA,NA,NA,NA,NA,NA,NA,NA,NA,NA,NA,NA
HWL2,2011,NA,NA,NA,NA,NA,NA,NA,NA,NA,NA,NA,NA,NA,NA,NA
HWL2,2012,NA,NA,NA,NA,NA,NA,NA,NA,NA,NA,NA,NA,NA,NA,NA
HWL2,2013,NA,NA,NA,NA,NA,NA,NA,NA,NA,NA,NA,NA,NA,NA,NA
HWL2,2014,NA,NA,NA,NA,NA,NA,NA,NA,NA,NA,NA,NA,NA,NA,NA
HWL2,2015,NA,NA,NA,NA,NA,NA,NA,NA,NA,NA,NA,NA,NA,NA,NA
HWL2,2016,1.22666666666667,0.0251661147842359,0.0145296631451356,22882.7666666667,14308.0041006191,8260.73001905871,1.82825447433333,0.231915462170291,0.133896454513254,0.766464573333333,0.0455580705697796,0.0263029643072222,22.3333333333333,1.15470053837925,0.666666666666667
HWL2,2017,0.75,0,0,3125.02666666667,896.647195631221,517.679499765809,0.877327887,0.154567680557289,0.0892396919777668,0.313826159666667,0.0534828535779673,0.0308783399102688,24.6666666666667,3.21455025366432,1.85592145427667
HWL2,2018,1.26444444433333,0.162799581772145,0.0939923823601062,5653.92636333333,2389.95102868095,1379.83886975897,1.84048495233333,0.11802015219822,0.0681389666414428,0.746269937666667,0.0164162687114734,0.00947793715965839,31.3333333333333,0.577350269189626,0.333333333333333
HWL2,2019,0.921333333333333,0.0395137107006332,0.0228132515096915,6430.83333333333,2298.10252672359,1326.81011242922,1.29679743533333,0.131165756833554,0.0757285850163133,0.590806015666667,0.017119096518989,0.00988371498352147,12,2,1.15470053837925
HWL2,2020,0.904666666666667,0.0261023626006025,0.0150702060739431,2483.03333333333,570.893250383409,329.605371787401,1.66,0.410731055558257,0.237135685491099,0.636666666666667,0.148436293854749,0.0856997342145496,23,5.19615242270663,3
HWL2,2021,0.733333333333333,0.017925772879665,0.0103494497975067,251.2,68.6579201549246,39.6396686834455,1.06666666666667,0.321455025366432,0.185592145427667,0.57,0.0866025403784439,0.05,6.33333333333333,3.51188458428425,2.02758751009941
Ross,1994,NA,NA,NA,NA,NA,NA,NA,NA,NA,NA,NA,NA,NA,NA,NA
Ross,1995,NA,NA,NA,NA,NA,NA,NA,NA,NA,NA,NA,NA,NA,NA,NA
Ross,1996,NA,NA,NA,NA,NA,NA,NA,NA,NA,NA,NA,NA,NA,NA,NA
Ross,1997,NA,NA,NA,NA,NA,NA,NA,NA,NA,NA,NA,NA,NA,NA,NA
Ross,1998,NA,NA,NA,NA,NA,NA,NA,NA,NA,NA,NA,NA,NA,NA,NA
Ross,1999,NA,NA,NA,NA,NA,NA,NA,NA,NA,NA,NA,NA,NA,NA,NA
Ross,2000,NA,NA,NA,NA,NA,NA,NA,NA,NA,NA,NA,NA,NA,NA,NA
Ross,2001,NA,NA,NA,NA,NA,NA,NA,NA,NA,NA,NA,NA,NA,NA,NA
Ross,2002,0.233333333333333,0.0577350269189626,0.0333333333333333,934.266666666667,217.506720202695,125.577563459578,2.10454392233333,0.289531567099613,0.167161128203856,0.822276802333333,0.0526000144329298,0.0303686324922302,19.3333333333333,4.16333199893227,2.40370085030933
Ross,2003,NA,NA,NA,NA,NA,NA,NA,NA,NA,NA,NA,NA,NA,NA,NA
Ross,2004,0.503333333333333,0.0850490054811538,0.0491030662088541,1275.2,111.070428107575,64.1265415669154,2.08858770433333,0.022128274242136,0.0127757650903991,0.831849173333333,0.00873618639405526,0.00504383956629855,17.3333333333333,1.15470053837925,0.666666666666667
Ross,2005,NA,NA,NA,NA,NA,NA,NA,NA,NA,NA,NA,NA,NA,NA,NA
Ross,2006,NA,NA,NA,NA,NA,NA,NA,NA,NA,NA,NA,NA,NA,NA,NA
Ross,2007,NA,NA,NA,NA,NA,NA,NA,NA,NA,NA,NA,NA,NA,NA,NA
Ross,2008,NA,NA,NA,NA,NA,NA,NA,NA,NA,NA,NA,NA,NA,NA,NA
Ross,2009,NA,NA,NA,NA,NA,NA,NA,NA,NA,NA,NA,NA,NA,NA,NA
Ross,2010,NA,NA,NA,NA,NA,NA,NA,NA,NA,NA,NA,NA,NA,NA,NA
Ross,2011,NA,NA,NA,NA,NA,NA,NA,NA,NA,NA,NA,NA,NA,NA,NA
Ross,2012,NA,NA,NA,NA,NA,NA,NA,NA,NA,NA,NA,NA,NA,NA,NA
Ross,2013,NA,NA,NA,NA,NA,NA,NA,NA,NA,NA,NA,NA,NA,NA,NA
Ross,2014,NA,NA,NA,NA,NA,NA,NA,NA,NA,NA,NA,NA,NA,NA,NA
Ross,2015,NA,NA,NA,NA,NA,NA,NA,NA,NA,NA,NA,NA,NA,NA,NA
Ross,2016,1.32666666666667,0.0115470053837925,0.00666666666666667,15011.7333333333,7655.74564385033,4420.04680832429,1.78065859866667,0.179437558229555,0.103598322546563,0.777267668666667,0.0441973702049052,0.0255173635852756,18,2,1.15470053837925
Ross,2017,NA,NA,NA,NA,NA,NA,NA,NA,NA,NA,NA,NA,NA,NA,NA
Ross,2018,0.877777777666667,0.0309719105833848,0.0178816409126342,7477.63754166667,3988.41080526687,2302.71005205964,2.225663754,0.0601377003773304,0.0347205175012968,0.845153129666667,0.00726421562004693,0.00419399684368558,28.6666666666667,2.51661147842358,1.45296631451356
Ross,2019,0.828333333333333,0.0404145188432738,0.0233333333333333,5103,1089.28113451028,628.89675623269,1.452347534,0.186672903727073,0.107775651217235,0.682733956,0.0543004662653241,0.0313503888154071,10.6666666666667,1.52752523165195,0.881917103688197
Ross,2020,1.00555555533333,0.050479185178609,0.0291441711513429,2291.73333333333,323.328228482038,186.67363975071,1.84333333333333,0.100166528008778,0.0578311719096582,0.723333333333333,0.030550504633039,0.017638342073764,25,2,1.15470053837925
Ross,2021,1.24,0.10989894375693,0.0634501847617192,2157.3,535.981305644143,309.448951094253,1.56666666666667,0.288675134594813,0.166666666666667,0.636666666666667,0.115902257671425,0.0669161996662824,16,1,0.577350269189626
Logan,1994,NA,NA,NA,NA,NA,NA,NA,NA,NA,NA,NA,NA,NA,NA,NA
Logan,1995,NA,NA,NA,NA,NA,NA,NA,NA,NA,NA,NA,NA,NA,NA,NA
Logan,1996,NA,NA,NA,NA,NA,NA,NA,NA,NA,NA,NA,NA,NA,NA,NA
Logan,1997,NA,NA,NA,NA,NA,NA,NA,NA,NA,NA,NA,NA,NA,NA,NA
Logan,1998,NA,NA,NA,NA,NA,NA,NA,NA,NA,NA,NA,NA,NA,NA,NA
Logan,1999,NA,NA,NA,NA,NA,NA,NA,NA,NA,NA,NA,NA,NA,NA,NA
Logan,2000,NA,NA,NA,NA,NA,NA,NA,NA,NA,NA,NA,NA,NA,NA,NA
Logan,2001,0.136666666666667,0.0321455025366432,0.0185592145427667,350.633333333333,297.521534234639,171.774137880079,2.00880405833333,0.220955571953846,0.1275687589465,0.82537052,0.0352126799988845,0.0203300502762441,13,3.46410161513775,2
Logan,2002,0.1,0,0,614.733333333333,201.358420070613,116.254338031366,1.90279941466667,0.231534209415259,0.133676338132507,0.769712149333333,0.0756278840337049,0.0436637792051013,12.3333333333333,2.08166599946613,1.20185042515466
Logan,2003,NA,NA,NA,NA,NA,NA,NA,NA,NA,NA,NA,NA,NA,NA,NA
Logan,2004,NA,NA,NA,NA,NA,NA,NA,NA,NA,NA,NA,NA,NA,NA,NA
Logan,2005,NA,NA,NA,NA,NA,NA,NA,NA,NA,NA,NA,NA,NA,NA,NA
Logan,2006,NA,NA,NA,NA,NA,NA,NA,NA,NA,NA,NA,NA,NA,NA,NA
Logan,2007,NA,NA,NA,NA,NA,NA,NA,NA,NA,NA,NA,NA,NA,NA,NA
Logan,2008,NA,NA,NA,NA,NA,NA,NA,NA,NA,NA,NA,NA,NA,NA,NA
Logan,2009,NA,NA,NA,NA,NA,NA,NA,NA,NA,NA,NA,NA,NA,NA,NA
Logan,2010,NA,NA,NA,NA,NA,NA,NA,NA,NA,NA,NA,NA,NA,NA,NA
Logan,2011,NA,NA,NA,NA,NA,NA,NA,NA,NA,NA,NA,NA,NA,NA,NA
Logan,2012,NA,NA,NA,NA,NA,NA,NA,NA,NA,NA,NA,NA,NA,NA,NA
Logan,2013,NA,NA,NA,NA,NA,NA,NA,NA,NA,NA,NA,NA,NA,NA,NA
Logan,2014,NA,NA,NA,NA,NA,NA,NA,NA,NA,NA,NA,NA,NA,NA,NA
Logan,2015,NA,NA,NA,NA,NA,NA,NA,NA,NA,NA,NA,NA,NA,NA,NA
Logan,2016,1.50333333333333,0.0493288286231625,0.0284800124843918,18569.8,7529.1116388323,4346.93463143857,1.517701507,0.157105702734988,0.0907050197652706,0.677342963333333,0.0503854123388334,0.0290900313770558,21,2.64575131106459,1.52752523165195
Logan,2017,NA,NA,NA,NA,NA,NA,NA,NA,NA,NA,NA,NA,NA,NA,NA
Logan,2018,0.824444444333333,0.0368681332087251,0.0212858266325764,9732.20213266667,2956.12463916971,1706.71935618271,1.29559948233333,0.171940485328153,0.0992698854888038,0.606670595333333,0.0393151256313753,0.0226985983664985,27.3333333333333,2.3094010767585,1.33333333333333
Logan,2019,0.681111111,0.0919138086026896,0.0530664621390066,3983.36666666667,354.128117117708,204.455963745524,1.83324946266667,0.173713472767426,0.100293520264138,0.746851970666667,0.0812789384593509,0.0469264169989532,13,1,0.577350269189626
Logan,2020,0.682222222,0.0737362669448553,0.0425716535696503,1262.3,242.184206751803,139.825116961629,1.57666666666667,0.0493288286231625,0.0284800124843918,0.62,0.03,0.0173205080756888,23.6666666666667,3.51188458428425,2.02758751009941
Logan,2021,0.835333333333333,0.0447362641861536,0.025828494170414,1790.7,1777.58378986758,1026.28847958716,1.33333333333333,0.378593889720018,0.2185812841434,0.616666666666667,0.101159939369957,0.0584047182264508,13,6.08276253029822,3.51188458428425
Lower Exeter,1994,NA,NA,NA,NA,NA,NA,NA,NA,NA,NA,NA,NA,NA,NA,NA
Lower Exeter,1995,NA,NA,NA,NA,NA,NA,NA,NA,NA,NA,NA,NA,NA,NA,NA
Lower Exeter,1996,NA,NA,NA,NA,NA,NA,NA,NA,NA,NA,NA,NA,NA,NA,NA
Lower Exeter,1997,NA,NA,NA,NA,NA,NA,NA,NA,NA,NA,NA,NA,NA,NA,NA
Lower Exeter,1998,NA,NA,NA,NA,NA,NA,NA,NA,NA,NA,NA,NA,NA,NA,NA
Lower Exeter,1999,NA,NA,NA,NA,NA,NA,NA,NA,NA,NA,NA,NA,NA,NA,NA
Lower Exeter,2000,NA,NA,NA,NA,NA,NA,NA,NA,NA,NA,NA,NA,NA,NA,NA
Lower Exeter,2001,NA,NA,NA,NA,NA,NA,NA,NA,NA,NA,NA,NA,NA,NA,NA
Lower Exeter,2002,NA,NA,NA,NA,NA,NA,NA,NA,NA,NA,NA,NA,NA,NA,NA
Lower Exeter,2003,NA,NA,NA,NA,NA,NA,NA,NA,NA,NA,NA,NA,NA,NA,NA
Lower Exeter,2004,0.306666666666667,0.0850490054811538,0.0491030662088541,161.466666666667,21.4311300059827,12.373268677992,1.991913678,0.156065210967074,0.0901042915629759,0.832059524666667,0.0249758405796704,0.0144198082819099,11.6666666666667,2.3094010767585,1.33333333333333
Lower Exeter,2005,0.523333333333333,0.153079500042734,0.0883804905570857,383.6,168.564883650184,97.3209809513516,2.11804129666667,0.0925489304623761,0.0534331499156648,0.842653888,0.0268678978782523,0.0155121880725684,13,1,0.577350269189626
Lower Exeter,2006,NA,NA,NA,NA,NA,NA,NA,NA,NA,NA,NA,NA,NA,NA,NA
Lower Exeter,2007,NA,NA,NA,NA,NA,NA,NA,NA,NA,NA,NA,NA,NA,NA,NA
Lower Exeter,2008,NA,NA,NA,NA,NA,NA,NA,NA,NA,NA,NA,NA,NA,NA,NA
Lower Exeter,2009,NA,NA,NA,NA,NA,NA,NA,NA,NA,NA,NA,NA,NA,NA,NA
Lower Exeter,2010,NA,NA,NA,NA,NA,NA,NA,NA,NA,NA,NA,NA,NA,NA,NA
Lower Exeter,2011,NA,NA,NA,NA,NA,NA,NA,NA,NA,NA,NA,NA,NA,NA,NA
Lower Exeter,2012,NA,NA,NA,NA,NA,NA,NA,NA,NA,NA,NA,NA,NA,NA,NA
Lower Exeter,2013,NA,NA,NA,NA,NA,NA,NA,NA,NA,NA,NA,NA,NA,NA,NA
Lower Exeter,2014,NA,NA,NA,NA,NA,NA,NA,NA,NA,NA,NA,NA,NA,NA,NA
Lower Exeter,2015,NA,NA,NA,NA,NA,NA,NA,NA,NA,NA,NA,NA,NA,NA,NA
Lower Exeter,2016,0.506666666666667,0.0208166599946613,0.0120185042515466,1992.86666666667,1314.60388457259,758.98690663571,1.62429892666667,0.142996904598643,0.0825593013633099,0.658343217,0.0435196814458452,0.0251260997978055,20.3333333333333,2.51661147842358,1.45296631451356
Lower Exeter,2017,NA,NA,NA,NA,NA,NA,NA,NA,NA,NA,NA,NA,NA,NA,NA
Lower Exeter,2018,0.513333333333333,0.0333333335,0.0192450090692126,306.464724,227.478988117389,131.335055024558,2.366334565,0.215342358041085,0.124327968382949,0.883657681333333,0.0306827862312824,0.0177147148901186,17.3333333333333,2.08166599946613,1.20185042515466
Lower Exeter,2019,0.532142857,0.0159559343544165,0.00921216299469437,1823.2,134.082027132647,77.4122944585247,1.55385245333333,0.297131618975359,0.171549020200173,0.654462164,0.0610977397448894,0.0352747964885896,12,3.60555127546399,2.08166599946613
Lower Exeter,2020,0.409166666666667,0.0101036297108184,0.00583333333333332,606.466666666667,31.7227573412737,18.3151424904215,2.54,0.156204993518133,0.090184995056458,0.893333333333333,0.0208166599946613,0.0120185042515466,21.3333333333333,3.51188458428425,2.02758751009941
Lower Exeter,2021,0.771481481666667,0.0574384623563347,0.033162111703268,866.633333333333,1127.40174886033,650.905703189367,1.4,0.173205080756888,0.1,0.616666666666667,0.0950438495292217,0.0548735921105144,9,2.64575131106459,1.52752523165195
