Year,Lake,Bacillariophyta,Charophyta,Chlorophyta,Chrysophyta,Cryptophyta,Cyanobacteria,Euglenophyta,Haptophyta,Katablepharidophyta,Miozoa,Ochrophyta,Pyrrhophyta,Xanthophyta,Unidentified Algae,Total
1997,Counts,28.4,0,73.9,466.5,51.2,1678.2,0,0,0,0,0,5.7,0,0,2303.9
1997,Counts,233.2,0,102.3,293,17.1,611.6,0,0,0,0,0,0,0,0,1257.2
1997,Counts,5.6,0,159.1,256,0,551.8,0,0,0,0,0,0,0,0,972.5
1998,Counts,51.3,0,106.4,11.4,11.4,311.6,0,0,0,0,0,1.9,0,0,494
1998,Counts,15.2,0,57,57,34.2,805.6,0,0,0,0,0,3.8,0,0,972.8
1998,Counts,7,0,58.8,15.4,4.2,123.2,0,0,0,0,0,0,0,0,208.6
1999,Counts,159.6,0,239.4,843.6,0,1254,0,0,0,0,0,0,0,0,2496.6
1999,Counts,255.6,0,85.2,624.8,28.4,0,0,0,0,0,0,0,0,0,994
1999,Counts,137.2,0,229.6,92.4,19.6,137.2,0,0,0,0,0,5.6,0,0,621.6
2000,Counts,72.8,0,431.2,114.8,36.4,249.2,0,0,0,0,0,0,0,0,904.4
2000,Counts,34.2,0,353.4,102.6,22.8,0,0,0,0,0,0,0,0,0,513
2000,Counts,22.8,0,615.6,376.2,34.2,1311,0,0,0,0,0,0,0,0,2359.8
2001,Counts,10.2,0,81.3,155.1,8.8,126.3,0,0,0,0,0,7.5,0,0,389.2
2001,Counts,14.3,0,154.7,149.5,11.7,176.8,0,0,0,0,0,7.8,0,0,514.8
2001,Counts,8.4,0,81.2,162.4,25.2,22.4,0,0,0,0,0,2.8,0,0,302.4
2002,Counts,134.4,0,389.2,212.8,19.6,952,0,0,0,0,0,0,0,0,1708
2002,Counts,131.6,0,359,159.6,11.2,632.8,0,0,0,0,0,0,0,0,1294.2
2002,Counts,119.7,0,678.3,336.3,22.8,1738.5,0,0,0,0,0,0,0,0,2895.6
2003,Counts,11.4,0,233.7,74.1,45.6,798,0,0,0,0,0,0,0,0,1162.8
2003,Counts,36.4,0,324.8,58.8,16.8,582.4,0,0,0,0,0,0,0,0,1019.2
2003,Counts,19.6,0,212.8,70,50.4,546,0,0,0,0,0,0,0,0,898.8
2004,Counts,29.4,0,267.4,89.6,21,58.8,0,0,0,0,0,0,0,0,466.2
2004,Counts,19.6,0,239.4,134.4,11.2,161,0,0,0,0,0,0,0,0,565.6
2004,Counts,8.4,0,116.2,109.2,0,159.6,0,0,0,0,0,0,0,0,393.4
2005,Counts,36.4,0,198.8,112,36.4,0,0,0,0,0,0,0,0,0,383.6
2005,Counts,74.2,0,215.6,156.8,47.6,305.2,0,0,0,0,0,0,0,0,799.4
2005,Counts,134.4,0,168,112,11.2,0,0,0,0,0,0,0,0,0,425.6
2006,Counts,16.8,0,242.2,30.8,8.4,106.4,0,0,0,0,0,0,0,0,404.6
2006,Counts,19.6,0,235.2,28,5.6,147,0,0,0,0,0,1.4,0,0,436.8
2006,Counts,18.2,0,224,26.6,11.2,84,0,0,0,0,0,1.4,0,0,365.4
2007,Counts,50.4,0,198.8,75.6,22.4,221.2,0,0,0,0,0,2.8,0,0,571.2
2007,Counts,72.8,0,327.6,165.2,22.4,730.8,0,0,0,0,0,2.8,0,0,1321.6
2007,Counts,109.2,0,249.2,109.2,19.6,554.4,0,0,0,0,0,2.8,0,0,1044.4
2008,Counts,71.4,0,131.6,96.6,33.6,63,0,0,0,0,0,0,0,0,396.2
2008,Counts,98,0,207.2,179.2,53.2,134.4,0,0,0,0,0,1.4,0,0,673.4
2008,Counts,93.8,0,212.8,144.2,50.4,47.6,0,0,0,0,0,0,0,5.6,554.4
2009,Counts,117.6,0,86.8,214.2,81.2,0,0,0,0,0,0,0,0,0,499.8
2009,Counts,134.4,0,168,254.8,103.6,14,0,0,0,0,0,0,0,0,674.8
2009,Counts,114.8,0,68.6,194.6,68.6,70,0,0,0,0,0,0,0,0,516.6
2010,Counts,81.2,0,106.4,44.8,19.6,14,0,0,0,0,0,0,0,0,266
2010,Counts,53.2,0,117.6,53.2,16.8,0,0,0,0,0,0,0,0,0,240.8
2010,Counts,95.2,0,86.8,47.6,16.8,0,0,0,0,0,0,0,0,0,246.4
2011,Counts,25.2,0,35,16.8,0,103.6,0,0,0,0,0,1.4,0,0,182
2011,Counts,36.4,0,28,37.8,0,58.8,0,0,0,0,0,5.6,0,0,166.6
2011,Counts,19.6,0,128.8,47.6,5.6,134.4,0,0,0,0,0,0,0,0,336
2012,Counts,2.8,0,208.6,39.2,15.4,0,0,0,0,0,0,0,0,0,266
2012,Counts,37.8,0,229.6,25.2,4.2,57.4,0,0,0,0,0,0,0,0,354.2
2012,Counts,11.2,0,303.8,30.8,9.8,56,0,0,0,0,0,0,0,0,411.6
2013,Counts,16.27,0,96.61,292.84,2.04,865.3,0,0,0,0,0,3.05,0,0,1276.11
2013,Counts,59.6,0,239.64,278.11,1.24,1018.13,0,0,0,0,0,0,0,0,1596.72
2013,Counts,4.78,0,353.73,363.3,0,1915.29,0,0,0,0,0,1.59,0,0,2638.69
2014,Counts,361.7637906,0,421.4361684,413.9771212,48.48380699,1193.447557,0,0,0,0,0,37.29523614,0,0,2476.40368
2014,Counts,467.0983996,0,248.9142787,344.1777681,86.04444204,1063.263462,0,0,0,0,0,21.51111051,0,0,2231.009461
2014,Counts,226.6349197,0,243.2548138,142.0245497,19.64169304,424.5627496,0,0,0,0,0,7.554497324,0,0,1063.673223
2015,Counts,83.55389563,0,327.7883598,83.55389563,12.85444548,403.6295881,0,0,0,0,0,2.570889096,0,0,913.9510738
2015,Counts,45.97691879,0,236.4527252,46.7979352,7.389147663,1818.551342,0,0,0,0,0,0.821016407,0,0,2155.989085
2015,Counts,66.93698471,0,194.7257737,46.65304995,8.113573905,2346.851252,0,0,0,0,0,0,0,0,2663.280634
2016,Counts,60.9352518,60.9352518,400.4316547,0,26.11510791,39381.58273,8.705035971,0,0,8.705035971,1410.215827,0,0,295.971223,41653.59712
2016,Counts,106.3948841,48.36131095,251.4788169,0,48.36131095,33601.43885,0,0,48.36131095,0,822.1422862,0,0,1150.999201,36077.53797
2016,Counts,108.8129496,108.8129496,326.4388489,0,21.76258993,37301.07914,0,0,32.64388489,10.88129496,946.6726619,0,0,1055.485612,39912.58993
2017,Counts,110.4737485,33.53667364,150.9150314,0.986372754,2.959118263,909.4356794,0,0,0,0,59.18236525,0,0,1.972745508,1269.461735
2017,Counts,70.02756808,20.17743487,104.4478982,0,1.186907934,366.7545515,0,0,0,0,43.91559354,0,0,0,606.509954
2017,Counts,120.5960929,80.39739529,97.91990452,0,4.122943348,955.4921209,0,0,0,0,65.96709357,0,0,1.030735837,1325.526286
2018,Counts,446.2576549,58.80914832,145.29319,0,34.59361666,380.5297832,0,0,0,17.29680833,598.4695682,0,0,79.56531831,1760.815088
2018,Counts,697.9921482,132.9508854,398.8526561,0,52.23070497,1016.124624,0,0,0,14.24473772,327.6289675,0,0,128.2026395,2768.227363
2018,Counts,822.1749559,235.9284656,764.9801764,0,57.19477954,4096.576085,0,57.19477954,0,28.59738977,643.4412698,0,0,121.5389065,6827.626808
2019,Counts,180.6809424,590.2244118,361.3618848,0,289.0895078,2192.262101,0,0,0,0,2662.032551,0,0,0,6275.7
2019,Counts,1234.226721,2110.129554,836.0890688,0,477.7651821,6847.967611,0,0,0,0,8520.145748,0,0,0,20026.3
2019,Counts,182.7680792,131.593017,160.8359097,0,65.7965085,1410.969571,0,0,0,14.62144633,1696.087775,0,0,0,3662.7
2020,Counts,124.8,118.05,543.05,0,0,14443.19,0,0,0,6.75,266.47,0,0,0,15502.3
2020,Counts,127.76,143.24,348.43,0,11.61,9779.23,0,298.1,0,7.74,92.91,0,0,0,10809
2020,Counts,139.37,196.15,763.96,0,0,20394.68,10.32,201.31,0,10.32,505.87,0,0,0,22222
1999,Cujo,330.4,0,246.4,2.8,5.6,193.2,0,0,0,0,0,2.8,0,0,781.2
1999,Cujo,71.2,0,3026,71.2,35.6,5268.8,0,0,0,0,0,0,0,0,8472.8
1999,Cujo,28.4,0,1278,0,113.6,2158.4,0,0,0,0,0,0,0,0,3578.4
2000,Cujo,22.4,0,495.6,142.8,19.6,1052.8,0,0,0,0,0,0,0,0,1733.2
2000,Cujo,5.6,0,470.4,64.4,28,1338.4,0,0,0,0,0,2.8,0,0,1909.6
2000,Cujo,0,0,333.2,210,39.2,952,0,0,0,0,0,0,0,0,1534.4
2001,Cujo,98.15,0,1749.55,212.6,54.5,4632.5,0,0,0,0,0,43.6,0,0,6790.9
2001,Cujo,195.8,0,996.8,71.2,106.8,4895,0,0,0,0,0,0,0,0,6265.6
2001,Cujo,59.95,0,844.85,261.7,43.7,5101.2,0,0,0,0,0,16.35,0,0,6327.75
2002,Cujo,2990.4,0,836.6,231.4,320.4,2687.8,0,0,0,0,0,17.8,0,0,7084.4
2002,Cujo,2759,0,943.4,249.2,445,1424,0,0,0,0,0,0,0,0,5820.6
2002,Cujo,2260.6,0,961.2,178,231.4,3008.2,0,0,0,0,0,35.6,0,0,6675
2003,Cujo,16.8,0,112,16.8,53.2,826,0,0,0,0,0,0,0,0,1024.8
2003,Cujo,22.4,0,355.6,25.2,100.8,616,0,0,0,0,0,5.6,0,0,1125.6
2003,Cujo,25.2,0,168,25.2,42,669.2,0,0,0,0,0,2.8,0,0,932.4
2004,Cujo,39.2,0,462,98,33.6,361.2,0,0,0,0,0,0,0,0,994
2004,Cujo,22.4,0,772.8,53.2,39.2,196,0,0,0,0,0,0,0,0,1083.6
2004,Cujo,36.4,0,599.2,44.8,44.8,322,0,0,0,0,0,0,0,0,1047.2
2005,Cujo,51.8,0,242.2,16.8,114.8,127.4,0,0,0,0,0,0,0,0,553
2005,Cujo,58.8,0,183.4,1.4,30.8,442.4,0,0,0,0,0,0,0,0,716.8
2005,Cujo,39.2,0,284.2,5.6,99.4,198.8,0,0,0,0,0,0,0,0,627.2
2006,Cujo,93.8,0,86.8,37.8,67.2,65.8,0,0,0,0,0,1.4,0,0,352.8
2006,Cujo,163.8,0,82.6,49,57.4,0,0,0,0,0,0,0,0,0,352.8
2006,Cujo,176.4,0,81.2,61.4,88.2,0,0,0,0,0,0,0,0,0,407.2
2007,Cujo,30.8,0,89.6,243.6,22.4,44.8,0,0,0,0,0,2.8,0,0,434
2007,Cujo,16.8,0,128.8,187.6,36.4,0,5.6,0,0,0,0,0,0,0,375.2
2007,Cujo,78.4,0,184.8,240.8,44.8,285.6,2.8,0,0,0,0,5.6,0,0,842.8
2008,Cujo,142.8,0,242.2,36.4,77,252,1.4,0,0,0,0,0,0,8.4,760.2
2008,Cujo,93.8,0,173.6,67.2,47.6,88.2,1.4,0,0,0,0,1.4,0,0,473.2
2008,Cujo,113.4,0,152.6,44.8,89.6,98,0,0,0,0,0,0,0,0,498.4
2009,Cujo,43.4,0,275.8,49,26.6,218.4,0,0,0,0,0,1.4,0,0,614.6
2009,Cujo,63,0,207.2,60.2,26.6,270.2,0,0,0,0,0,0,0,0,627.2
2009,Cujo,57.4,0,229.6,35,25.2,260.4,0,0,0,0,0,0,0,0,607.6
2010,Cujo,224,0,380.8,39.2,58.8,949.2,2.8,0,0,0,0,0,0,0,1654.8
2010,Cujo,201.6,0,677.6,39.2,33.6,1010.8,0,0,0,0,0,0,0,0,1962.8
2010,Cujo,190.4,0,333.2,28,61.6,476,2.8,0,0,0,0,0,0,0,1092
2011,Cujo,5.6,0,11.2,0,112,0,0,0,0,0,0,0,0,0,128.8
2011,Cujo,0,0,5.6,0,75.6,14,0,0,0,0,0,0,0,0,95.2
2011,Cujo,5.6,0,11.2,0,85.4,0,0,0,0,0,0,0,0,0,102.2
2012,Cujo,44.8,0,368.2,0,149.8,203,0,0,0,0,0,0,0,0,765.8
2012,Cujo,4.2,0,177.8,0,53.2,98,0,0,0,0,0,0,0,0,333.2
2012,Cujo,21,0,187.6,0,116.2,16.8,0,0,0,0,0,0,0,0,341.6
2013,Cujo,11.07,0,1060.03,44.33,18.47,1141.3,22.16,0,0,0,0,3.69,0,0,2301.05
2013,Cujo,42.7,0,837.51,72.25,32.84,331.72,59.12,0,0,0,0,3.28,0,0,1379.42
2013,Cujo,90.1,0,1304.14,37.93,90.1,336.7,118.56,0,0,0,0,4.74,0,0,1982.27
2014,Cujo,211.0758004,0,123.1275502,252.1183171,304.8872672,1243.001936,0,0,0,0,0,5.863216677,0,0,2140.074087
2014,Cujo,245.2204556,0,121.0581996,266.9488504,329.0299784,518.3774188,0,0,0,0,0,9.312169199,0,0,1489.947072
2014,Cujo,861.7311273,0,913.9572563,409.1046766,522.2612893,1949.77548,0,0,0,0,0,8.704354821,0,0,4665.534184
2015,Cujo,0,0,1857.125963,229.4518564,0,286.8148206,0,0,0,0,0,0,0,0,2373.39264
2015,Cujo,9.219047803,0,848.1523979,92.19047803,0,24.58412748,0,0,0,0,0,15.36507967,0,0,989.5111309
2015,Cujo,19.97460238,0,938.8063117,99.87301188,0,0,0,0,0,0,0,9.987301188,0,0,1068.641227
2016,Cujo,696.4028777,0,13231.65468,0,348.2014388,32034.53237,0,696.4028777,0,0,2698.561151,0,0,7660.431655,57366.18705
2016,Cujo,696.4028777,174.1007194,12070.98321,0,232.1342926,51301.67866,0,2669.544365,232.1342926,58.03357314,870.5035971,0,0,3656.115108,71961.6307
2016,Cujo,4526.618705,0,37431.65468,0,696.4028777,215884.8921,0,12361.15108,174.1007194,0,522.3021583,0,0,348.2014388,271945.3237
2017,Cujo,248.0637581,23.93597666,322.047686,0,10.87998939,1238.142793,4.351995756,0,0,2.175997878,54.39994695,0,0,91.39191088,1995.390054
2017,Cujo,215.4237899,16.0232571,348.9509325,0,33.82687611,1052.193883,0,0,0,3.560723801,37.38759991,0,0,10.6821714,1718.049234
2017,Cujo,261.1197454,17.40798303,339.455669,0,21.75997878,1775.614269,2.175997878,0,0,0,41.34395969,0,0,15.23198515,2474.109587
2018,Cujo,298.921813,188.792724,7362.916236,0,0,1069.825436,0,0,0,15.732727,755.170896,0,0,31.465454,9722.825286
2018,Cujo,405.3016031,422.923412,10802.16881,0,70.48723533,3453.874531,0,0,0,0,1233.526618,0,0,0,16388.28221
2018,Cujo,292.976388,106.5368684,4261.474734,0,8.878072363,1793.370617,79.90265127,0,0,0,754.6361509,0,0,0,7297.775483
2019,Cujo,7361.927125,1986.551764,19281.23771,0,233.7119722,934.8478889,0,0,0,0,7595.639097,0,0,0,37393.9
2019,Cujo,3697.771615,1602.3677,23172.70212,0,246.5181077,23542.47928,0,0,0,0,7765.320392,0,0,0,60027.2
2019,Cujo,11711.56661,2285.183728,22851.83728,0,285.647966,3284.951609,0,0,0,0,7426.847117,0,0,0,47846
2020,Cujo,2818.4,108.4,712.34,0,30.97,23940.91,0,0,0,0,123.89,0,0,0,27734.9
2020,Cujo,1656.97,77.43,2849.37,0,0,22794.97,0,0,0,0,46.46,0,0,0,27425.2
2020,Cujo,1622.81,140.44,2590.25,0,31.21,22235.59,0,0,0,0,93.62,0,0,0,26713.9
2001,Fay Bay,30.4,0,167.6,12.6,27.9,629.8,0,0,0,0,0,5,0,0,873.3
2001,Fay Bay,8.4,0,291.2,28,25.2,795.2,0,0,0,0,0,0,0,0,1148
2001,Fay Bay,5.5,0,417.7,13.7,24.6,1244.9,0,0,0,0,0,0,0,0,1706.4
2002,Fay Bay,5.7,0,746.7,68.4,17.1,2257.2,0,0,0,0,0,0,0,0,3095.1
2002,Fay Bay,47.6,0,120.4,22.4,19.6,826,0,0,0,0,0,0,0,0,1036
2002,Fay Bay,25.2,0,190.4,39.2,14,1097.6,0,0,0,0,0,0,0,0,1366.4
2008,Fay Bay,105,0,137.2,5.6,14,11.2,0,0,0,0,0,1.4,0,0,274.4
2008,Fay Bay,84,0,103.6,12.6,14,99.4,0,0,0,0,0,4.2,0,0,317.8
2008,Fay Bay,96.6,0,141.4,9.8,9.8,98,0,0,0,0,0,4.2,0,0,359.8
2010,Fay Bay,145.6,0,249.2,364,114.8,120.4,0,0,0,0,0,0,0,0,994
2010,Fay Bay,176.4,0,84,327.6,134.4,369.6,0,0,0,0,0,0,0,0,1092
2010,Fay Bay,168,0,95.2,375.2,142.8,235.2,0,0,0,0,0,0,0,0,1016.4
2014,Fay Bay,603.4287167,0,491.6826581,208.5926428,245.841329,17715.47517,0,0,0,0,0,22.34921173,0,0,19287.36972
2014,Fay Bay,806.6666707,0,330.349208,468.634923,253.5238108,18438.09533,0,0,0,0,0,23.04761916,0,0,20320.31756
2014,Fay Bay,749.3190458,0,231.4073524,407.7177161,176.3103637,4727.321627,0,0,0,0,0,22.03879547,0,0,6314.114901
2015,Fay Bay,180.1077411,0,1397.387646,310.530588,6.210611761,11626.26522,0,0,0,0,0,6.210611761,0,0,13526.71242
2015,Fay Bay,102.9460338,0,519.3396929,41.48571512,0,1530.361935,0,0,0,0,0,3.073015934,0,0,2197.206393
2015,Fay Bay,48.75851949,0,302.5896357,54.4948159,1.434074103,1170.204468,0,0,0,0,0,1.434074103,0,0,1578.915587
2016,Fay Bay,69.64028777,34.82014388,905.323741,0,383.0215827,55712.23022,0,0,139.2805755,104.4604317,4909.640288,0,0,3377.553957,65635.97122
2016,Fay Bay,63.30935252,63.30935252,648.9208633,0,205.7553957,11332.3741,15.82733813,0,94.96402878,63.30935252,2453.23741,0,0,1234.532374,16175.53957
2016,Fay Bay,17.41007194,17.41007194,800.8633094,0,208.9208633,26567.76978,0,243.7410072,139.2805755,0,2507.05036,0,0,1462.446043,31964.89209
2017,Fay Bay,36.2666313,15.95731777,89.21591301,0,12.33065464,1024.169668,0,0,0,2.901330504,31.91463555,0,0,1.450665252,1214.206816
2017,Fay Bay,97.84817722,18.93835688,108.1064539,0,7.10188383,1124.46494,0.789098203,0,0,2.36729461,46.556794,0,0,3.156392814,1409.329391
2017,Fay Bay,63.9056219,12.36883004,111.3194704,0,11.33809421,1738.851357,0,0,0,5.153679185,66.99782941,0,0,4.122943348,2014.057826
2018,Fay Bay,122.8079417,149.1239292,245.6158834,43.85997917,114.0359458,324.5638459,17.54399167,0,0,8.771995834,2640.370746,0,0,0,3666.694259
2018,Fay Bay,56.66783019,215.3377547,283.339151,181.3370566,306.0062831,351.3405472,11.33356604,0,0,34.00069812,3638.074698,0,0,0,5077.437585
2018,Fay Bay,111.076225,99.96860248,333.2286749,144.3990925,311.0134299,366.5515424,11.1076225,0,0,55.53811249,3110.134299,0,0,0,4543.017601
2019,Fay Bay,2746.707849,499.4014271,749.1021407,0,1747.904995,65671.28767,0,0,0,0,69916.1998,0,0,0,141330.6
2019,Fay Bay,562.3694331,0,2811.847166,0,1124.738866,1968.293016,0,0,0,281.1847166,82387.12196,0,0,0,89135.6
2019,Fay Bay,0,0,923.8926402,0,1847.78528,4157.516881,0,0,0,0,66520.27009,0,0,0,73449.5
2020,Fay Bay,16.03,40.08,961.94,0,360.73,14998.19,0,0,0,0,561.13,0,0,0,16938.1
2020,Fay Bay,23.86,23.86,612.44,0,143.17,14428.1,0,7.95,0,0,1256.69,0,0,0,16496.1
2020,Fay Bay,7.8,39.01,631.96,0,265.27,13536.4,0,78.02,0,0,889.42,0,0,0,15447.9
1997,Grizzly,0,0,119.5,0,11.4,1399.5,0,0,0,0,0,0,0,0,1530.4
1997,Grizzly,102.4,0,34.1,5.7,11.4,1683.9,0,0,0,0,0,0,0,0,1837.5
1997,Grizzly,11.4,0,79.6,0,22.7,1183.3,0,0,0,0,0,0,0,0,1297
1998,Grizzly,39.9,0,38,13.3,1.9,328.7,0,0,0,0,0,1.9,0,0,423.7
1998,Grizzly,43.4,0,57.4,5.6,26.6,298.2,0,0,0,0,0,1.4,0,0,432.6
1998,Grizzly,39.9,0,57,34.2,11.4,524.4,0,0,0,0,0,0,0,0,666.9
1999,Grizzly,0,0,56.8,1221.2,56.8,227.2,0,0,0,0,0,0,0,0,1562
1999,Grizzly,17.1,0,216.6,364.8,34.2,729.6,0,0,0,0,0,0,0,0,1362.3
1999,Grizzly,22.4,0,212.8,344.4,5.6,268.8,0,0,0,0,0,0,0,0,854
2003,Grizzly,114.8,0,8.4,249.2,11.2,644.8,0,0,0,0,0,0,0,0,1028.4
2003,Grizzly,70,0,11.2,179.2,2.8,789.6,0,0,0,0,0,0,0,0,1052.8
2003,Grizzly,114.8,0,64.4,238,0,1092,0,0,0,0,0,0,0,0,1509.2
2013,Grizzly,57.57,0,62.81,1460.4,5.23,486.8,0,0,0,0,0,0,0,0,2072.81
2013,Grizzly,16.07,0,48.2,1100.47,20.08,975.97,0,0,0,0,0,0,0,0,2160.79
2013,Grizzly,5.02,0,70.28,1410.72,0,1586.44,0,0,0,0,0,0,0,0,3072.46
2014,Grizzly,97.22997999,0,42.13299133,350.027928,34.030493,1980.250593,3.240999333,0,0,0,0,6.481998666,0,0,2513.394983
2014,Grizzly,97.18412786,0,73.94444511,422.5396863,23.23968275,1899.31589,2.112698432,0,0,0,0,4.225396863,0,0,2522.561927
2014,Grizzly,45.07089695,0,55.31428262,501.9258978,28.68147988,3218.471777,0,0,0,0,0,4.097354268,0,0,3853.561689
2015,Grizzly,23.85428509,0,130.756822,83.93174385,1.766984081,2116.846929,0,0,0,0,0,0,0,0,2357.156764
2015,Grizzly,63.87682744,0,439.6228712,522.2870008,11.27238131,4546.52713,0,0,0,0,0,3.757460438,0,0,5587.343671
2015,Grizzly,31.42563313,0,79.10590409,164.7136633,2.167285044,908.0924333,0,0,0,0,0,2.167285044,0,0,1187.672204
2001,Horseshoe,45.6,28.5,188.1,0,125.4,3363,0,0,0,0,171,0,0,0,3921.6
2001,Horseshoe,69.8,48,152.6,0,39.2,6143.2,0,0,0,0,87.2,0,0,0,6540
2001,Horseshoe,28.1,46.8,143.5,0,21.8,3678.5,0,0,0,3.1,15.5,0,0,0,3937.3
2002,Horseshoe,557.2,67.2,604.8,0,22.4,1007.2,0,0,0,0,56,0,0,0,2314.8
2002,Horseshoe,394.8,39.2,492.8,0,28,1324.4,0,0,0,0,64.4,0,0,0,2343.6
2002,Horseshoe,277.2,22.4,520.8,0,22.4,1783.6,0,0,0,0,56,0,0,0,2682.4
2016,Horseshoe,90.4,148.2,318.1,0,50.6,6218.4,0,0,25.3,7.2,332.6,0,0,1937.7,9128.5
2016,Horseshoe,338,239.7,743.6,0,202.8,13545.9,0,0,6.1,6.1,971,0,0,1614.8,17668
2016,Horseshoe,35.5,64.6,126.1,0,100.3,339.6,0,0,9.7,0,307.3,0,0,993.7,1976.8
2018,Horseshoe,154.1824939,148.8658562,1201.560125,37.21646406,143.5492185,3976.845016,0,0,0,47.8497395,834.7121224,0,0,10.63327544,6555.414312
2018,Horseshoe,142.4549078,320.5235426,1546.653285,55.96442807,147.5425831,4080.315574,10.17535056,0,0,91.57815502,590.1703324,0,0,5.087675279,6990.465833
2018,Horseshoe,173.6156373,180.8496222,651.05864,0,101.2757884,4029.329583,3.616992444,0,0,50.63789422,419.5711235,0,0,0,5609.955281
2019,Horseshoe,649.3336881,324.6668441,1229.09591,0,347.8573329,1762.477154,0,0,0,92.76195545,4800.431194,0,0,0,9206.6
2019,Horseshoe,1358.175046,141.4765673,1358.175046,0,367.8390749,3140.779793,0,0,0,84.88594036,5687.358004,0,0,0,12138.7
2019,Horseshoe,1737.691552,142.8239632,785.5317973,0,119.0199693,4998.83871,0,0,0,47.60798772,4998.83871,0,0,0,12830.4
2020,Horseshoe,117.4,162.12,2040.48,0,50.31,3851.76,0,39.13,0,5.59,928,0,0,0,7194.8
2020,Horseshoe,1603.23,344.36,2568.55,0,101.61,5176.62,0,22.58,0,0,558.87,0,0,0,10375.8
2020,Horseshoe,121.43,180.18,1245.62,0,58.76,3748.62,0,31.34,0,3.92,532.72,0,0,0,5922.6
2016,HWL2,94.3,116.1,145.1,0,65.3,4512,0,43.5,7.3,7.3,1349.5,0,0,348.2,6688.6
2016,HWL2,135.4,232.1,348,0,77.3,23097.5,19.3,0,58,19.3,2127.9,0,0,2031.2,28146
2016,HWL2,135.4,193.4,580.2,0,135.4,28281.7,0,0,19.3,77.4,2282.4,0,19.3,2089.2,33813.7
2017,HWL2,51.62,5.34,16.91,0,8.01,2731.97,0,0,0,0,184.26,0,0,0,2998.11
2017,HWL2,42.07,6.53,51.5,0,7.98,2068.65,0.73,0,0,0,121.14,0,0,0,2298.6
2017,HWL2,35.5,12.23,63.65,4.9,18.36,3729.53,0,0,0,0,214.2,0,0,0,4078.37
2018,HWL2,55.61125879,300.9550476,811.2701283,6.542501034,166.8337764,3729.22559,0,0,0,6.542501034,379.46506,0,0,13.08500207,5469.530865
2018,HWL2,24.91224533,196.183932,551.1834279,0,152.5875026,6645.341441,0,0,0,37.36836799,523.1571519,0,0,0,8130.734069
2018,HWL2,27.86237964,121.2832996,383.517461,8.194817542,55.72475928,2337.161963,0,0,0,4.916890525,421.2136216,0,0,1.638963508,3361.514156
2019,HWL2,0,163.7844993,235.4402177,0,399.224717,532.2996227,0,0,0,0,2487.477083,0,0,0,3818.2
2019,HWL2,67.29206892,153.8104433,28.83945811,0,355.68665,4325.918717,0,0,0,48.06576352,2355.222412,0,0,0,7334.8
2019,HWL2,80.78932373,141.3813165,70.69065826,0,383.7492877,4746.372769,0,0,0,30.2959964,2686.245014,0,0,0,8139.5
2020,HWL2,25.65,13.81,355.15,0,45.38,2355.86,0,0,0,0,250.58,0,0,0,3046.4
2020,HWL2,4.65,6.19,308.17,0,57.3,1890.81,0,6.19,0,1.55,222.99,0,0,0,2497.8
2020,HWL2,21.61,14.4,244.86,0,66.02,1375.55,0,4.8,0,1.2,176.44,0,0,0,1904.9
1996,Kodiak,295.8,0,227.5,136.5,28.5,3163,0,0,0,0,0,5.7,0,0,3857
1996,Kodiak,719.6,0,293.1,244.6,42.7,3768.9,0,0,0,0,0,8.5,0,0,5077.4
1996,Kodiak,301.5,0,725.4,284.4,37,3680.7,0,0,0,0,0,8.5,0,0,5037.5
1997,Kodiak,4089,0,1813.4,444.5,35.6,2097.8,0,0,0,0,0,0,0,0,8480.3
1997,Kodiak,3768.9,0,640,337.8,160,4924.4,0,0,0,0,0,71.1,0,0,9902.2
1997,Kodiak,2613.3,0,497.9,160.1,88.9,4053.3,0,0,0,0,0,35.6,0,0,7449.1
1998,Kodiak,498.4,0,6657.2,0,213.6,996.8,0,0,0,0,0,0,0,0,8366
1998,Kodiak,1066.5,0,9243,0,284.4,9385.2,0,0,0,0,0,0,0,0,19979.1
1998,Kodiak,1422,0,14504.4,0,0,2844,0,0,0,0,0,0,0,0,18770.4
1999,Kodiak,321.5,0,792.1,344.4,11.5,1687.6,0,0,0,0,0,45.9,0,0,3203
1999,Kodiak,2754.8,0,1931.2,397.6,170.4,2158.4,0,0,0,0,0,0,0,0,7412.4
1999,Kodiak,297.7,0,1339.3,793.6,59.5,2301.5,0,0,0,0,0,19.8,0,0,4811.4
2000,Kodiak,271.6,0,940.8,218.4,22.4,1467.2,0,0,0,0,0,28,0,0,2948.4
2000,Kodiak,71.2,0,2349.6,534,71.2,10252.8,0,0,0,0,0,71.2,0,0,13350
2000,Kodiak,836.6,0,2100.4,516.2,124.6,2789.6,0,0,0,0,0,53.4,0,0,6420.8
2001,Kodiak,16,0,444.2,42.6,24,1808.8,2.7,0,0,0,0,2.7,0,0,2341
2001,Kodiak,90.4,0,412.3,34.5,24,1851.4,0,0,0,0,0,15.9,0,0,2428.5
2001,Kodiak,64.4,0,411.6,22.4,72.8,1495.2,0,0,0,0,0,2.8,0,0,2069.2
2002,Kodiak,213.6,0,1673.2,106.8,142.4,8792.8,0,0,0,0,0,0,0,0,10928.8
2002,Kodiak,890,0,2029.2,427.2,249.2,9327.2,0,0,0,0,0,0,0,0,12922.8
2002,Kodiak,1103.6,0,1530.8,676.4,71.2,9825.6,0,0,0,0,0,0,0,0,13207.6
2003,Kodiak,78.4,0,280,84,8.4,840,0,0,0,0,0,2.8,0,0,1293.6
2003,Kodiak,159.6,0,310.8,78.4,2.8,1232,0,0,0,0,0,2.8,0,0,1786.4
2003,Kodiak,212.8,0,551.6,67.2,2.8,1680,0,0,0,0,0,2.8,0,0,2517.2
2004,Kodiak,28,0,347.2,16.8,16.8,2592.8,0,0,0,0,0,5.6,0,0,3007.2
2004,Kodiak,42,0,327.6,22.4,30.8,2380,0,0,0,0,0,2.8,0,0,2805.6
2004,Kodiak,64.4,0,386.4,2.8,39.2,2181.2,0,0,0,0,0,5.6,0,0,2679.6
2005,Kodiak,30.8,0,310.8,28,16.8,1481.2,0,0,0,0,0,5.6,0,0,1873.2
2005,Kodiak,61.6,0,383.6,14,14,1414,0,0,0,0,0,5.6,0,0,1892.8
2005,Kodiak,224,0,288.4,8.4,16.8,1061.2,0,0,0,0,0,2.8,0,0,1601.6
2006,Kodiak,179.2,0,565.6,464.8,5.6,1134,0,0,0,0,0,0,0,0,2349.2
2006,Kodiak,131.6,0,610.4,565.6,19.6,2349.2,0,0,0,0,0,2.8,0,19.6,3698.8
2006,Kodiak,221.2,0,523.6,627.2,2.8,1372,0,0,0,0,0,14,0,0,2760.8
2007,Kodiak,84,0,126,30.8,2.8,1453.2,0,0,0,0,0,2.8,0,0,1699.6
2007,Kodiak,137.2,0,137.2,53.2,8.4,1092,0,0,0,0,0,11.2,0,0,1439.2
2007,Kodiak,86.8,0,109.2,30.8,2.8,985.6,0,0,0,0,0,5.6,0,0,1220.8
2008,Kodiak,176.4,0,204.4,28,30.8,1125.6,0,0,0,0,0,5.6,0,0,1570.8
2008,Kodiak,30.8,0,196,53.2,36.4,1033.2,0,0,0,0,0,0,0,0,1349.6
2008,Kodiak,61.6,0,123.2,58.8,28,898.8,0,0,0,0,0,2.8,0,0,1173.2
2009,Kodiak,154,0,238,75.6,56,1044.4,0,0,0,0,0,0,0,0,1568
2009,Kodiak,64.4,0,224,98,22.4,856.8,0,0,0,0,0,2.8,0,0,1268.4
2009,Kodiak,117.6,0,243.6,128.8,14,694.4,0,0,0,0,0,5.6,0,0,1204
2010,Kodiak,109.2,0,103.6,78.4,14,744.8,0,0,0,0,0,0,0,0,1050
2010,Kodiak,224,0,84,95.2,8.4,772.8,0,0,0,0,0,5.6,0,2.8,1192.8
2010,Kodiak,210,0,95.2,81.2,16.8,722.4,0,0,0,0,0,2.8,0,0,1128.4
2011,Kodiak,58.8,0,70,86.8,0,1265.6,0,0,0,0,0,8.4,0,0,1489.6
2011,Kodiak,30.8,0,53.2,56,0,1220.8,0,0,0,0,0,2.8,0,0,1363.6
2011,Kodiak,36.4,0,86.8,56,5.6,982.8,0,0,0,0,0,2.8,0,0,1170.4
2012,Kodiak,25.2,0,243.6,50.4,8.4,1122.8,0,0,0,0,0,5.6,0,0,1456
2012,Kodiak,5.6,0,212.8,25.2,14,1590.4,0,0,0,0,0,0,0,0,1848
2012,Kodiak,22.4,0,173.6,42,2.8,1184.4,0,0,0,0,0,2.8,0,11.2,1439.2
2013,Kodiak,9.2,0,179.55,40.29,66.75,4433.42,0,0,0,0,0,1.15,0,0,4730.36
2013,Kodiak,12.95,0,142.42,79.13,67.61,5318.78,0,0,0,0,0,0,0,0,5620.89
2013,Kodiak,1.14,0,194.63,43.25,66.02,3788.93,0,0,0,0,0,1.14,0,0,4095.11
2014,Kodiak,70.12361309,0,89.24823485,624.7376439,114.7477305,30395.39884,12.74974784,0,0,0,0,0,0,0,31307.00581
2014,Kodiak,16.14839896,0,72.66779531,540.9713651,48.44519687,18106.39233,0,0,0,0,0,16.14839896,0,0,18800.77349
2014,Kodiak,28.09286899,0,64.21227197,365.2072968,56.18573798,18087.79436,0,0,0,0,0,28.09286899,0,0,18629.58541
2015,Kodiak,29.33333392,0,561.2444557,267.9111165,17.60000035,7626.666819,0,0,0,0,0,21.51111154,0,0,8524.266837
2015,Kodiak,9.987301188,0,419.4666499,289.6317344,9.987301188,7453.023511,0,0,0,0,0,37.45237945,0,0,8219.548878
2015,Kodiak,8.066666828,0,1492.333363,209.7333375,34.95555625,7744.000155,0,0,0,0,0,18.8222226,0,0,9507.911301
2016,Kodiak,145.0839329,0,986.5707434,0,58.03357314,50750.35971,0,0,58.03357314,87.05035971,2959.71223,0,203.117506,3365.947242,58613.90887
2016,Kodiak,116.0671463,38.68904876,754.4364508,0,116.0671463,8492.246203,0,0,38.68904876,58.03357314,1953.796962,0,135.4116707,2766.266986,14469.70424
2016,Kodiak,74.61459404,24.87153135,969.9897225,0,24.87153135,39595.4779,0,0,0,49.74306269,2636.382323,0,248.7153135,3457.142857,47081.80884
2017,Kodiak,110.9758918,32.63996817,110.9758918,0,6.527993635,10135.79812,0,0,0,0,50.0479512,0,0,0,10446.96581
2017,Kodiak,161.5678425,26.11197454,32.63996817,0,0,6317.46584,0,0,0,1.631998409,24.47997613,0,0,0,6563.8976
2017,Kodiak,156.6718472,28.48579041,85.45737122,0,5.341085701,6535.708536,0,0,0,7.121447601,46.28940941,0,0,0,6865.075488
2018,Kodiak,102.5621116,85.46842631,1401.682191,0,162.39001,25255.91997,0,0,0,68.37474105,1299.12008,0,0,188.0305379,28563.54807
2018,Kodiak,5.382633965,69.97424154,699.7424154,0,64.59160758,9376.548366,0,0,0,43.06107172,823.5429966,0,86.12214343,0,11168.96548
2018,Kodiak,91.15417989,42.89608466,595.1831746,0,58.9821164,13630.2309,0,0,0,42.89608466,697.0613757,0,101.8782011,64.34412698,15324.62624
2019,Kodiak,22.83733421,137.0240053,616.6080237,0,1141.86671,17128.00066,0,0,0,45.67466842,5138.400197,0,0,0,24230.4
2019,Kodiak,263.353454,0,1360.659512,0,746.1681197,23899.32595,0,0,0,0,4608.685445,0,0,0,30878.2
2019,Kodiak,322.794966,0,948.2102128,0,907.860842,16422.1939,0,0,0,0,4216.509244,0,0,0,22817.6
2020,Kodiak,166.44,130.03,941.44,0,83.22,9143.9,0,348.49,0,5.2,358.89,0,0,0,11177.6
2020,Kodiak,110.49,147.32,615.6,0,57.88,7203.07,0,405.14,0,21.05,473.54,0,0,0,9034.1
2020,Kodiak,92.91,7.74,565.23,0,54.2,7440.89,0,181.96,0,7.74,360.04,0,0,0,8710.7
2000,LdS1,28.5,0,404.7,119.7,330.6,57,0,0,0,0,0,0,0,0,940.5
2000,LdS1,30.8,0,44.8,103.6,126,2.8,0,0,0,0,0,2.8,0,0,310.8
2000,LdS1,19.6,0,58.8,39.2,114.8,19.6,0,0,0,0,0,5.6,0,0,257.6
2001,LdS1,67.2,0,19.6,47.6,42,16.8,0,0,0,0,0,2.8,0,0,196
2001,LdS1,1.2,0,16.3,42.8,14.5,78.1,0,0,0,0,0,1.3,0,0,154.2
2001,LdS1,1.2,0,15,30.3,6.6,57,0,0,0,0,0,2.4,0,0,112.5
2002,LdS1,196,0,170.8,182,140,156.8,0,0,0,0,0,2.8,0,0,848.4
2002,LdS1,201.6,0,112,145.6,151.2,109.2,0,0,0,0,0,0,0,0,719.6
2002,LdS1,193.2,0,137.2,198.8,159.6,126,0,0,0,0,0,0,0,0,814.8
2003,LdS1,30.8,0,67.2,44.8,64.4,1036,0,0,0,0,0,0,0,0,1243.2
2003,LdS1,30.8,0,84,22.4,47.6,784,0,0,0,0,0,5.6,0,0,974.4
2003,LdS1,42,0,53.2,44.8,67.2,882,0,0,0,0,0,0,0,0,1089.2
2004,LdS1,28,0,78.4,274.4,28,548.8,0,0,0,0,0,0,0,0,957.6
2004,LdS1,22.4,0,92.4,277.2,28,414.4,0,0,0,0,0,0,0,0,834.4
2004,LdS1,64.4,0,33.6,252,28,574,0,0,0,0,0,2.8,0,0,954.8
2005,LdS1,30.8,0,86.8,117.6,11.2,907.2,0,0,0,0,0,2.8,0,0,1156.4
2005,LdS1,70,0,61.6,78.4,5.6,501.2,0,0,0,0,0,0,0,0,716.8
2005,LdS1,56,0,78.4,154,11.2,534.8,0,0,0,0,0,0,0,0,834.4
2006,LdS1,18.2,0,99.4,47.6,26.6,250.6,0,0,0,0,0,0,0,8.4,450.8
2006,LdS1,28,0,40.9,53.2,22.4,320.6,0,0,0,0,0,2.8,0,0,467.9
2006,LdS1,43.4,0,93.8,64.4,29.4,295.4,0,0,0,0,0,0,0,0,526.4
2007,LdS1,22.4,0,89.6,72.8,2.8,70,0,0,0,0,0,2.8,0,0,260.4
2007,LdS1,39.2,0,36.4,42,5.6,86.8,0,0,0,0,0,0,0,0,210
2007,LdS1,154,0,81.2,75.6,8.4,86.8,0,0,0,0,0,0,0,0,406
2008,LdS1,11.2,0,61.6,142.8,28,1005.2,0,0,0,0,0,0,0,0,1248.8
2008,LdS1,187.6,0,148.4,187.6,39.2,1321.6,0,0,0,0,0,2.8,0,0,1887.2
2008,LdS1,8.4,0,162.4,112,44.8,420,0,0,0,0,0,2.8,0,0,750.4
2009,LdS1,88.2,0,85.4,70,61.6,140,0,0,0,0,0,0,0,0,445.2
2009,LdS1,60.2,0,60.2,58.8,54.6,119,0,0,0,0,0,2.8,0,0,355.6
2009,LdS1,112,0,60.2,64.4,64.4,44.8,0,0,0,0,0,0,0,0,345.8
2010,LdS1,78.4,0,137.4,50.4,47.6,358.4,0,0,0,0,0,0,0,0,672.2
2010,LdS1,95.2,0,142.8,58.8,47.6,487.2,0,0,0,0,0,0,0,0,831.6
2010,LdS1,42,0,81.2,39.2,47.6,414.4,0,0,0,0,0,0,0,0,624.4
2011,LdS1,98,0,51.8,47.6,8.4,585.2,0,0,0,0,0,2.8,0,0,793.8
2011,LdS1,22.4,0,30.8,67.2,5.6,341.6,0,0,0,0,0,0,0,0,467.6
2011,LdS1,44.8,0,154,92.4,5.6,532,0,0,0,0,0,0,0,0,828.8
2012,LdS1,37.8,0,23.8,40.6,22.4,117.6,0,0,0,0,0,9.8,0,0,252
2012,LdS1,4.2,0,40.6,40.6,23.8,177.8,0,0,0,0,0,4.2,0,0,291.2
2012,LdS1,63,0,54.6,32.2,33.6,225.4,0,0,0,0,0,9.8,0,0,418.6
2013,LdS1,185.96,0,394.78,347.54,67.07,643.26,1.52,0,0,0,0,74.69,0,0,1714.82
2013,LdS1,242.16,0,148.74,378.6,71.3,302.39,0,0,0,0,0,66.37,0,0,1209.56
2013,LdS1,57.34,0,79.81,87.44,17.2,82.18,0,0,0,0,0,25.32,0,0,349.29
2014,LdS1,86.87670242,0,147.2486482,156.0835671,170.8084319,225.2904317,2.944972963,0,0,0,0,8.83491889,0,0,798.0876731
2014,LdS1,104.7157939,0,141.9875171,120.6893895,221.8554955,83.4176663,1.774843964,0,0,0,0,15.97359568,0,0,690.414302
2014,LdS1,56.79500685,0,115.3648577,136.6629852,214.7561196,65.66922667,0,0,0,0,0,8.87421982,0,0,598.1224158
2015,LdS1,276.2026722,0,72.27733478,117.0204468,0,275.3422277,0,0,0,0,0,12.90666692,0,0,753.7493484
2015,LdS1,200.2758661,0,48.95632282,76.4015341,0,292.254412,0,0,0,0,0,7.417624669,0,0,625.3057596
2015,LdS1,213.3650708,0,78.08253656,31.77777651,0,141.1841213,0,0,0,0,0,4.993650594,0,0,469.4031558
2016,LdS1,72.54196643,0,29.01678657,0,43.52517986,1886.091127,0,551.3189448,0,0,1044.604317,0,29.01678657,2640.527578,6296.642686
2016,LdS1,40.1770891,13.39236303,415.163254,575.8716104,66.96181516,2879.358052,0,0,13.39236303,13.39236303,1232.097399,0,13.39236303,1647.260653,6910.459325
2016,LdS1,58.03357314,0,217.6258993,174.1007194,130.5755396,435.2517986,0,43.52517986,0,0,1262.230216,0,29.01678657,2567.985612,4918.345324
2017,LdS1,65.15439801,30.50581641,33.51873655,0,0.753230035,329.1615252,0,0,0,1.129845052,35.40181163,0,0,0,495.6253629
2017,LdS1,138.6865586,15.58725011,39.96730797,0,0.799346159,310.945656,0,0,0,0.799346159,41.96567336,0,0,0,548.7511384
2017,LdS1,54.03728064,19.94664722,26.11197454,0,3.263996817,404.7356053,0,0,0,1.087998939,24.66130929,0,0,0,533.8448128
2018,LdS1,84.29496075,47.28741701,136.7223144,6.167923958,7.195911284,600.3445985,2.055974653,0,0,9.251885936,195.317592,0,0,0,1088.638579
2018,LdS1,56.61502968,20.05115634,28.30751484,4.128179247,9.43583828,283.0751484,0.589739892,0,0,8.846098387,90.81994344,0,0,0,501.8686485
2018,LdS1,87.21022373,35.42915339,63.59078814,9.992838136,7.267518644,356.1084136,0.908439831,0,0,8.175958475,164.4276093,0,0,0,733.1109433
2019,LdS1,160.8623061,264.6444391,36.32374655,0,0,1211.656403,0,0,0,7.783659974,275.0226524,0,0,0,1956.3
2019,LdS1,268.5546702,273.8725845,39.88435696,0,2.658957131,2012.830548,0,0,0,0,207.3986562,0,0,0,2805.2
2019,LdS1,203.3885834,265.7610823,73.21989003,0,0,2085.410942,0,0,0,0,276.6084734,0,0,0,2904.4
2020,LdS1,65.02,91.02,499.33,0,18.2,7154.4,0,0,0,0,96.22,0,0,0,7924.2
2020,LdS1,124.83,78.02,475.92,0,39.01,5289.73,0,2.6,0,10.4,247.06,0,0,0,6267.6
2020,LdS1,69.69,89.82,315.91,0,1.55,1612.06,1.55,0,0,4.65,167.25,0,0,0,2262.5
2007,LdS2,56,0,137.2,114.8,8.4,33.6,0,0,0,0,0,8.4,0,0,358.4
2007,LdS2,215.6,0,140,173.6,16.8,154,0,0,0,0,0,5.6,0,0,705.6
2007,LdS2,81.2,0,103.6,58.8,8.4,431.2,0,0,0,0,0,19.6,0,0,702.8
2003,Leslie,43.4,0,354.2,11.2,102.2,84,0,0,0,0,0,1.4,0,0,596.4
2003,Leslie,29.4,0,162.4,11.2,112,72.8,0,0,0,0,0,0,0,0,387.8
2003,Leslie,11.2,0,193.2,8.4,116.2,0,0,0,0,0,0,0,0,0,329
2004,Leslie,107.8,0,50.4,2.8,40.6,84,0,0,0,0,0,0,0,0,285.6
2004,Leslie,120.4,0,39.2,0,39.2,131.6,0,0,0,0,0,0,0,0,330.4
2004,Leslie,91,0,37.8,0,39.2,105,0,0,0,0,0,0,0,0,273
2005,Leslie,259,0,124.6,5.6,19.6,8.4,0,0,0,0,0,0,0,0,417.2
2005,Leslie,259,0,71.4,4.2,35,14,0,0,0,0,0,0,0,0,383.6
2005,Leslie,296.8,0,57.4,15.4,30.8,29.4,0,0,0,0,0,0,0,0,429.8
2006,Leslie,333.2,0,56,0,11.2,0,0,0,0,0,0,0,0,0,400.4
2006,Leslie,288.4,0,0,0,16.8,0,0,0,0,0,0,2.8,0,0,308
2006,Leslie,324.8,0,5.6,0,14,42,0,0,0,0,0,0,0,0,386.4
2007,Leslie,484.4,0,277.2,0,33.6,184.8,0,0,0,0,0,0,0,0,980
2007,Leslie,562.8,0,229.6,0,22.4,44.8,0,0,0,0,0,2.8,0,0,862.4
2007,Leslie,616,0,159.6,0,28,22.4,0,0,0,0,0,2.8,0,0,828.8
2008,Leslie,662.2,0,184.8,0,19.6,103.6,0,0,0,0,0,0,0,0,970.2
2008,Leslie,417.2,0,70,0,16.8,22.4,0,0,0,0,0,5.6,0,0,532
2008,Leslie,515.2,0,190.4,2.8,14,67.2,0,0,0,0,0,0,0,0,789.6
2009,Leslie,851.2,0,176.4,11.2,42,28,0,0,0,0,0,2.8,0,0,1111.6
2009,Leslie,691.6,0,140,8.4,44.8,112,0,0,0,0,0,2.8,0,0,999.6
2009,Leslie,806.4,0,224,11.2,36.4,28,0,0,0,0,0,2.8,0,0,1108.8
2010,Leslie,98,0,702.8,14,5.6,0,0,0,0,0,0,0,0,0,820.4
2010,Leslie,154,0,540.4,16.8,19.6,0,0,0,0,0,0,0,0,0,730.8
2010,Leslie,109.2,0,621.6,8.4,8.4,0,0,0,0,0,0,0,0,0,747.6
2011,Leslie,134.4,0,282.8,0,7,0,0,0,0,0,0,4.2,0,2.8,431.2
2011,Leslie,120.4,0,257.6,0,5.6,0,0,0,0,0,0,2.8,0,0,386.4
2011,Leslie,170.8,0,324.8,0,16.8,0,0,0,0,0,0,5.6,0,0,518
2012,Leslie,184.8,0,198.8,0,8.4,56,0,0,0,0,0,2.8,0,0,450.8
2012,Leslie,249.2,0,186.2,1.4,9.8,0,0,0,0,0,0,0,0,0,446.6
2012,Leslie,191.8,0,133,1.4,7,0,0,0,0,0,0,0,0,0,333.2
2013,Leslie,211.99,0,188.44,30.28,23.55,216.48,6.73,0,0,0,0,3.36,0,0,680.83
2013,Leslie,287.44,0,243.96,18.23,19.63,112.17,11.22,0,0,0,0,2.8,0,0,695.45
2013,Leslie,149.18,0,36.95,43.92,4.88,72.5,4.88,0,0,0,0,0.7,0,0,313.01
2014,Leslie,262.7428401,0,672.9904324,102.9460251,4.60952351,178.234909,0,0,0,0,0,1.536507837,0,0,1223.060238
2014,Leslie,242.7209681,0,675.1179244,159.1349393,12.85938904,0,0,0,0,0,0,0,0,0,1089.833221
2014,Leslie,287.2757399,0,596.3698904,236.3661151,18.18200885,181.8200885,0,0,0,0,0,3.636401771,0,0,1323.650245
2015,Leslie,20.68961346,0,3206.890086,6.896537819,6.896537819,1020.687597,0,0,0,0,0,0,0,0,4262.060372
2015,Leslie,72.00795652,0,3276.362022,21.60238696,72.00795652,604.8668348,0,0,0,0,0,0,0,0,4046.847157
2015,Leslie,121.7272212,0,2887.640193,628.9239764,13.5252468,723.6007041,0,0,0,0,0,0,0,0,4375.417341
2016,Leslie,2313.052415,74.61459404,671.5313464,0,24.87153135,1939.979445,0,621.7882837,0,24.87153135,3034.326824,0,0,1467.420349,10172.45632
2016,Leslie,1199.360512,77.37809752,77.37809752,0,19.34452438,0,0,1760.351719,0,0,2243.964828,0,0,444.9240608,5822.701839
2016,Leslie,848.7410072,43.52517986,97.93165468,0,10.88129496,1784.532374,0,598.471223,0,0,1349.280576,0,0,369.9640288,5103.327338
2017,Leslie,63.81676536,21.27225512,36.46672306,0,1.012964529,109.737824,0.337654843,0,0,1.688274216,35.45375853,0,0,0.337654843,270.1238745
2017,Leslie,68.37214386,8.245886696,28.17344621,0,1.717893062,149.800275,0,0,0,1.030735837,56.69047104,0,0,1.030735837,315.0615875
2017,Leslie,58.4506507,8.134884375,31.93695347,0,1.50646007,112.6832132,0,0,0,0.602584028,94.90698438,0,0,0.903876042,309.1256063
2018,Leslie,190.8794854,433.0400266,150.9942198,0,5.697895087,11.39579017,0,0,0,0,555.544771,0,0,264.9521216,1612.50431
2018,Leslie,165.2389575,427.3421315,105.4110591,0,2.848947544,11.39579017,0,0,0,0,572.6384563,0,0,250.7073838,1535.582726
2018,Leslie,125.5317511,309.8230454,104.1646446,0,8.012664966,0,0,0,0,0,283.1141621,0,0,315.164822,1145.81109
2019,Leslie,15513.63954,2171.909535,1163.522965,0,310.2727907,0,0,0,0,0,6748.433198,0,0,0,25907.8
2019,Leslie,5163.573168,357.8714077,408.9958945,0,127.811217,0,0,0,0,0,2019.417229,0,0,0,8077.7
2019,Leslie,5359.998828,0,43.05219942,0,0,215.2609971,0,0,0,0,1097.831085,0,0,0,6716.1
2020,Leslie,973.96,32.06,124.25,0,0,32.06,8.02,176.35,0,0,40.08,0,0,0,1386.8
2020,Leslie,2272.99,0,165.74,0,0,0,0,63.14,0,7.89,205.2,0,0,0,2715
2020,Leslie,1886.27,31.57,307.8,0,0,15.78,0,78.92,0,0,276.23,0,0,0,2596.6
2001,Logan,0,28.5,273.6,0,182.4,182.4,0,0,0,0,22.8,0,0,0,689.7
2001,Logan,2.5,24.6,41.5,0,19.5,37.6,0.6,0,0,0,6.3,0.6,0,0,133.2
2001,Logan,0.7,25.7,54.8,0,31.7,102.3,0,0,0,0,12.5,1.3,0,0,229
2002,Logan,96.9,28.5,342,0,57,0,0,0,0,0,11.4,0,0,0,535.8
2002,Logan,36.4,28,246.4,0,98,44.8,0,0,0,0,11.2,0,0,0,464.8
2002,Logan,11.4,57,427.5,0,85.5,205.2,0,0,0,0,57,0,0,0,843.6
2016,Logan,195.9,21.8,1055.5,0,174.1,18226.2,0,10.9,54.4,0,2100.1,0,0,348.2,22187.1
2016,Logan,69.6,17.4,121.8,0,87,19133.6,0,226.3,17.4,0,2158.7,0,0,1775.8,23607.6
2016,Logan,82.5,18.3,128.3,0,119.1,7074,9.2,0,45.8,0,2107.6,0,0,329.9,9914.7
2018,Logan,83.54012682,215.4455902,615.5588292,0,228.6361366,10904.18497,0,0,0,17.58739512,549.6060975,0,0,0,12614.55915
2018,Logan,27.24776833,117.1654038,92.64241231,0,171.6609405,9062.607745,0,0,0,5.449553665,397.8174176,0,0,0,9874.591242
2018,Logan,30.21376579,167.5490649,129.0951811,76.90776748,184.0293007,5836.75021,0,0,0,16.48023589,266.4304802,0,0,0,6707.456006
2019,Logan,583.2655557,213.8640371,223.5851297,0,301.3538704,281.9116852,0,0,0,58.32655557,2449.715334,0,0,0,4112
2019,Logan,261.6689395,301.9256994,161.0270397,0,110.7060898,181.1554196,0,0,0,20.12837996,2546.240065,0,0,0,3582.9
2019,Logan,155.4393506,165.15431,252.5889447,0,495.4629301,1282.374643,0,0,0,38.85983765,1865.272207,0,0,0,4255.2
2020,Logan,10.17,14.41,247.46,0,38.98,859.34,0,1.69,0,1.69,93.22,0,0,0,1267
2020,Logan,10.02,15.49,329.75,0,7.29,1032.08,0,10.02,0,0,97.47,0,0,0,1502.1
2020,Logan,3.51,36.82,296.32,0,16.66,595.27,0,4.38,0,0,64.87,0,0,0,1017.8
2004,Lower Exeter,42,14,42,0,18.2,0,0,0,0,0,21,0,0,0,137.2
2004,Lower Exeter,43.4,12.6,88.2,0,14,0,1.4,0,0,0,18.2,0,0,0,177.8
2004,Lower Exeter,43.4,9.8,30.8,0,35,0,0,0,0,1.4,49,0,0,0,169.4
2005,Lower Exeter,30.8,21,106.4,0,75.6,0,16.8,0,0,0,72.8,0,0,0,323.4
2005,Lower Exeter,11.2,9.8,137.2,0,19.6,42,0,0,0,0,33.6,0,0,0,253.4
2005,Lower Exeter,44.8,33.6,240.8,0,84,0,22.4,0,0,2.8,145.6,0,0,0,574
2016,Lower Exeter,45.9,15.3,94.7,0,24.4,378.7,0,21.4,0,3.1,608,0,0,149.7,1341.2
2016,Lower Exeter,40.5,20.2,97.1,0,36.4,2259.3,0,352.3,0,12.1,453.3,0,0,234.8,3506
2016,Lower Exeter,31.1,18.6,68.4,9.3,34.2,183.4,0,3.1,18.7,6.2,581.2,0,0,177.2,1131.4
2018,Lower Exeter,68.70076219,78.31886889,63.20470121,0,4.122045731,54.96060975,0,0,0,1.374015244,294.0392622,0,0,0,564.7202652
2018,Lower Exeter,22.11613387,21.0794401,16.5871004,0,4.146775101,0,0,0,0,0.691129184,71.1863059,0,0,0,135.8068846
2018,Lower Exeter,33.72271339,35.04517274,3.306148372,5.289837395,2.644918697,0,0,0,0,2.644918697,136.2133129,0,0,0,218.8670222
2019,Lower Exeter,385.9011028,0,0,0,68.10019461,0,0,0,0,79.45022704,1197.428422,0,0,0,1730.9
2019,Lower Exeter,307.2740202,92.76196835,173.9286907,0,52.1786072,0,0,0,0,17.39286907,1333.453295,0,0,0,1977
2019,Lower Exeter,453.3386247,5.738463604,137.7231265,0,22.95385441,0,0,0,0,28.69231802,1113.261939,0,0,0,1761.7
2020,Lower Exeter,299.19,30.27,105.07,0,3.56,17.81,0,0,0,0,179.87,0,0,0,635.8
2020,Lower Exeter,193.65,19.09,87.28,0,0,91.37,0,0,0,5.45,175.92,0,0,0,572.8
2020,Lower Exeter,280.49,24.93,95.05,0,1.56,46.75,0,0,0,4.67,157.38,0,0,0,610.8
1996,Moose,546,0,11.4,5.7,28.5,199.1,0,0,0,0,0,0,0,0,790.7
1996,Moose,28.5,0,591.7,11.4,34.1,728.2,0,0,0,0,0,0,0,0,1393.9
1996,Moose,55.4,0,49.8,5.7,76.8,133.7,0,0,0,0,0,0,0,0,321.4
1997,Moose,2.8,0,19.8,0,31.3,216.2,0,0,0,0,0,2.8,0,0,272.9
1997,Moose,0,0,57,11.4,62.5,250.3,0,0,0,0,0,11.4,0,0,392.6
1997,Moose,54,0,88.2,8.5,34.1,68.3,0,0,0,0,0,2.8,0,0,255.9
1998,Moose,22.8,0,96.9,17.1,39.9,1157.1,0,0,0,0,0,11.4,0,0,1345.2
1998,Moose,36.4,0,75.8,4.2,12.6,330.4,0,0,0,0,0,1.4,0,0,460.8
1998,Moose,47.6,0,187.6,2.8,30.8,705.6,0,0,0,0,0,5.6,0,0,980
1999,Moose,79.8,0,262.2,5.7,62.7,273.6,0,0,0,0,0,5.7,0,0,689.7
1999,Moose,148.2,0,285,22.8,125.4,0,0,0,0,0,0,0,0,0,581.4
1999,Moose,140,0,266,14,42,33.6,0,0,0,0,0,2.8,0,0,498.4
2000,Moose,78.4,0,14,5.6,117.6,226.8,0,0,0,0,0,5.6,0,0,448
2000,Moose,342,0,131.1,11.4,136.8,535.8,0,0,0,0,0,0,0,0,1157.1
2000,Moose,117.6,0,11.2,0,156.8,184.8,0,0,0,0,0,2.8,0,0,473.2
2001,Moose,10.7,0,13.9,12.6,38.4,0,0,0,0,0,0,1.2,0,0,76.8
2001,Moose,106.4,0,42,19.6,112,140,0,0,0,0,0,8.4,0,0,428.4
2001,Moose,16,0,9.6,10.9,59,11.5,0,0,0,0,0,2.5,0,0,109.5
2002,Moose,131.1,0,632.7,114,450.3,245.1,0,0,0,0,0,0,0,0,1573.2
2002,Moose,64.4,0,372.4,140,324.8,70,0,0,0,0,0,0,0,0,971.6
2002,Moose,44.8,0,294,67.2,238,84,0,0,0,0,0,0,0,0,728
2003,Moose,28,0,288.4,16.8,154,72.8,0,0,0,0,0,0,0,0,560
2003,Moose,36.4,0,212.8,11.2,128.8,70,0,0,0,0,0,11.2,0,0,470.4
2003,Moose,16.8,0,156.8,22.4,126,84,0,0,0,0,0,0,0,0,406
2004,Moose,22.4,0,28,2.8,51.8,0,0,0,0,0,0,0,0,0,105
2004,Moose,16.8,0,22.4,2.8,42,42,0,0,0,0,0,2.8,0,0,128.8
2004,Moose,30.8,0,36.4,5.6,50.4,0,0,0,0,0,0,1.4,0,0,124.6
2005,Moose,51.8,0,114.8,4.2,29.4,0,0,0,0,0,0,0,0,0,200.2
2005,Moose,77,0,112,2.8,26.6,0,0,0,0,0,0,0,0,0,218.4
2005,Moose,82.6,0,137.2,1.4,23.8,77,0,0,0,0,0,0,0,0,322
2006,Moose,348.6,0,61.6,4.2,22.4,14,0,0,0,0,0,1.4,0,0,452.2
2006,Moose,290,0,63,0,11.2,14,0,0,0,0,0,1.4,0,16.8,396.4
2006,Moose,330.4,0,37.8,2.8,14,8.4,0,0,0,0,0,0,0,0,393.4
2007,Moose,159.6,0,128.8,0,30.8,0,0,0,0,0,0,5.6,0,0,324.8
2007,Moose,142.8,0,84,0,33.6,0,0,0,0,0,0,0,0,0,260.4
2007,Moose,154,0,165.2,0,39.2,22.4,0,0,0,0,0,16.8,0,0,397.6
2008,Moose,274.4,0,98,37.8,15.4,110.6,0,0,0,0,0,0,0,0,536.2
2008,Moose,285.6,0,95.2,16.8,46.2,85.4,0,0,0,0,0,1.4,0,0,530.6
2008,Moose,161,0,159.6,26.6,11.2,21,0,0,0,0,0,1.4,0,0,380.8
2009,Moose,784,0,207.2,30.8,33.6,154,0,0,0,0,0,22.4,0,0,1232
2009,Moose,744.8,0,249.2,19.6,22.4,103.6,0,0,0,0,0,22.4,0,11.2,1173.2
2009,Moose,784,0,285.6,16.8,22.4,86.8,0,0,0,0,0,11.2,0,0,1206.8
2010,Moose,372.4,0,313.6,70,16.8,0,0,0,0,0,0,0,0,0,772.8
2010,Moose,506.8,0,414.4,50.4,8.4,28,0,0,0,0,0,0,0,0,1008
2010,Moose,464.8,0,375.2,50.4,25.2,0,0,0,0,0,0,0,0,0,915.6
2011,Moose,224,0,207.2,0,16.8,0,0,0,0,0,0,0,0,0,448
2011,Moose,151.2,0,84,0,16.8,63,0,0,0,0,0,0,0,0,315
2011,Moose,149.8,0,53.2,0,19.6,56,0,0,0,0,0,0,0,0,278.6
2012,Moose,252,0,256.2,0,14,14,0,0,0,0,0,5.6,0,0,541.8
2012,Moose,319.2,0,210,0,19.6,0,0,0,0,0,0,7,0,0,555.8
2012,Moose,362.6,0,191.8,1.4,15.4,0,0,0,0,0,0,4.2,0,0,575.4
2013,Moose,209.38,0,194.95,118.41,7.22,186.29,1.44,0,0,0,0,0,0,0,717.69
2013,Moose,175.11,0,176.27,62.62,0,173.95,3.48,0,0,0,0,0,0,0,591.43
2013,Moose,196.81,0,181.85,90.92,9.21,48.34,0,0,0,0,0,0,0,0,527.13
2014,Moose,313.4475814,0,475.2930647,26.63280104,2.048677003,452.7576176,0,0,0,0,0,0,0,0,1270.179742
2014,Moose,283.0554775,0,487.3802924,16.87085627,0,228.6938295,0,0,0,0,0,5.623618758,0,0,1021.624074
2014,Moose,282.9538341,0,241.2553744,74.4615353,1.489230706,148.9230706,0,0,0,0,0,5.956922824,0,0,755.0399679
2015,Moose,415.5316992,0,2117.232944,184.6807552,112.1276014,263.8296503,0,0,0,0,0,0,0,0,3093.40265
2015,Moose,364.5424259,0,985.7524781,33.47838605,33.47838605,2231.892403,0,0,0,0,0,11.15946202,0,0,3660.303541
2015,Moose,208.5442084,0,1109.277704,146.424657,26.6226649,1082.655039,0,0,0,0,0,0,0,0,2573.524274
2016,Moose,621.7882837,12.43576567,733.7101747,0,12.43576567,771.0174717,0,323.3299075,0,0,1579.34224,0,12.43576567,584.4809866,4650.976362
2016,Moose,638.3693046,29.01678657,420.7434053,0,14.50839329,130.5755396,0,1494.364508,0,0,1291.247002,0,0,725.4196643,4744.244604
2016,Moose,1062.014388,0,435.2517986,0,17.41007194,1079.42446,0,313.381295,0,0,2158.848921,0,0,1201.294964,6267.625899
2017,Moose,97.24459483,14.8568131,57.40132334,20.93460028,2.701238745,573.3379237,0,0,0,6.753096863,13.50619373,0,0,17.55805184,804.2938364
2017,Moose,99.22550325,10.44478982,60.05754144,17.62558281,3.916796181,221.9517836,0,0,0,19.5839809,23.50077708,0,0,6.527993635,462.8347487
2017,Moose,92.69750961,19.5839809,46.34875481,27.41757327,2.611197454,609.0618061,0,0,0,5.875194271,36.55676435,0,0,9.139191088,849.2919719
2018,Moose,364.6167196,64.34412698,2552.317037,0,21.44804233,386.0647619,0,0,0,0,4911.601693,0,128.688254,257.3765079,8686.457143
2018,Moose,364.6167196,42.89608466,1522.811005,128.688254,64.34412698,150.1362963,0,0,0,0,4718.569312,0,64.34412698,321.7206349,7378.126561
2018,Moose,214.4804233,214.4804233,3260.102434,0,214.4804233,428.9608466,0,0,0,214.4804233,9522.930794,0,171.5843386,1201.09037,15442.59048
2019,Moose,5157.892669,136.3319648,863.4357772,0,68.16598241,0,0,0,0,0,1454.207625,0,0,0,7680
2019,Moose,6605.401903,78.01655791,676.1435019,0,26.0055193,0,104.0220772,0,0,26.0055193,624.1324632,0,0,0,8139.7
2019,Moose,5611.056035,101.1001087,935.1760059,0,0,1086.826169,0,0,0,25.27502719,1567.051686,0,0,0,9326.5
2020,Moose,2129.29,0,54.2,0,7.74,480.06,0,108.4,0,0,116.14,0,0,0,2895.8
2020,Moose,1018.08,67.61,167.03,0,3.98,103.4,0,19.88,0,0,67.61,0,0,0,1447.6
2020,Moose,1590.75,190.89,106.05,0,0,79.54,0,0,0,0,42.42,0,0,0,2009.6
1997,Nanuq,125.2,0,39.9,79.7,11.4,221.9,0,0,0,0,0,5.7,0,0,483.8
1997,Nanuq,34.1,0,34.1,99.5,5.7,91,0,0,0,0,0,8.5,0,0,272.9
1997,Nanuq,31.2,0,76.7,56.8,5.7,48.4,0,0,0,0,0,5.7,0,0,224.5
1998,Nanuq,29.4,0,32.2,58.8,2.8,242.2,0,0,0,0,0,0,0,0,365.4
1998,Nanuq,51.3,0,39.9,165.3,0,330.6,0,0,0,0,0,28.5,0,0,615.6
1998,Nanuq,15.2,0,102.6,176.7,0,524.4,0,0,0,0,0,19,0,0,837.9
1999,Nanuq,74.1,0,22.8,176.7,11.4,34.2,0,0,0,0,0,0,0,0,319.2
1999,Nanuq,227.2,0,142,1164.4,56.8,0,0,0,0,0,0,0,0,0,1590.4
1999,Nanuq,47.6,0,36.4,148.4,2.8,25.2,0,0,0,0,0,0,0,0,260.4
2000,Nanuq,70,0,95.2,47.6,14,434,0,0,0,0,0,5.6,0,0,666.4
2000,Nanuq,95.2,0,140,53.2,14,224,0,0,0,0,0,5.6,0,0,532
2000,Nanuq,98,0,142.8,72.8,28,400.4,0,0,0,0,0,2.8,0,0,744.8
2001,Nanuq,14.4,0,27.6,67.8,9.3,94.5,0,0,0,0,0,0.6,0,0,214.2
2001,Nanuq,16.2,0,27.9,90,13,37.2,0,0,0,0,0,1.9,0,0,186.2
2001,Nanuq,39.9,0,57,136.8,85.5,342,0,0,0,0,0,0,0,0,661.2
2002,Nanuq,254.8,0,123.2,47.6,47.6,182,0,0,0,0,0,8.4,0,0,663.6
2002,Nanuq,81.2,0,140,78.4,44.8,403.2,0,0,0,0,0,2.8,0,0,750.4
2002,Nanuq,201.6,0,92.4,53.2,58.8,296.8,0,0,0,0,0,5.6,0,0,708.4
2003,Nanuq,39.2,0,165.2,75.6,2.8,140,0,0,0,0,0,2.8,0,0,425.6
2003,Nanuq,56,0,212.8,86.8,0,168,0,0,0,0,0,0,0,0,523.6
2003,Nanuq,33.6,0,95.2,53.2,5.6,210,0,0,0,0,0,0,0,0,397.6
2004,Nanuq,33.6,0,42,386.4,22.4,168,0,0,0,0,0,0,0,0,652.4
2004,Nanuq,42,0,56,392,2.8,252,0,0,0,0,0,5.6,0,0,750.4
2004,Nanuq,14,0,120.4,716.8,22.4,56,0,0,0,0,0,0,0,0,929.6
2005,Nanuq,25.2,0,149.8,58.8,8.4,49,0,0,0,0,0,2.8,0,0,294
2005,Nanuq,28,0,116.2,56,4.2,113.4,0,0,0,0,0,1.4,0,0,319.2
2005,Nanuq,16.8,0,116.2,54.6,5.6,5.6,0,0,0,0,0,4.2,0,0,203
2006,Nanuq,29.4,0,120.4,93.8,2.8,287,0,0,0,0,0,9.8,0,0,543.2
2006,Nanuq,21,0,92.4,68.6,4.2,154,0,0,0,0,0,7,0,0,347.2
2006,Nanuq,33.6,0,75.6,82.6,4.2,140,0,0,0,0,0,2.8,0,0,338.8
2007,Nanuq,39.2,0,58.8,89.6,28,302.4,0,0,0,0,0,5.6,0,0,523.6
2007,Nanuq,47.6,0,33.6,120.4,5.6,263.2,0,0,0,0,0,0,0,0,470.4
2007,Nanuq,30.8,0,100.8,114.8,5.6,0,0,0,0,0,0,0,0,0,252
2008,Nanuq,22.4,0,70,179.2,0,140,0,0,0,0,0,2.8,0,0,414.4
2008,Nanuq,47.6,0,56,198.8,0,159.6,0,0,0,0,0,0,0,0,462
2008,Nanuq,28,0,36.4,210,0,218.4,0,0,0,0,0,2.8,0,0,495.6
2009,Nanuq,54.6,0,43.4,37.8,9.8,63,0,0,0,0,0,2.8,0,0,211.4
2009,Nanuq,57.4,0,47.6,29.4,18.2,79.8,0,0,0,0,0,1.4,0,8.4,242.2
2009,Nanuq,42,0,99.4,37.8,4.2,74.2,0,0,0,0,0,2.8,0,0,260.4
2010,Nanuq,35,0,92.4,115.4,23.8,56,0,0,0,0,0,2.8,0,0,325.4
2010,Nanuq,42,0,84,103.6,11.2,14,0,0,0,0,0,2.8,0,0,257.6
2010,Nanuq,28,0,119,120.4,21,142.8,0,0,0,0,0,4.2,0,0,435.4
2011,Nanuq,21,0,25.2,64.4,0,28,0,0,0,0,0,2.8,0,0,141.4
2011,Nanuq,46.2,0,51.8,56,2.8,78.4,0,0,0,0,0,0,0,0,235.2
2011,Nanuq,19.6,0,47.6,44.8,2.8,105,0,0,0,0,0,1.4,0,0,221.2
2012,Nanuq,19.6,0,151.2,95.2,5.6,70,0,0,0,0,0,0,0,0,341.6
2012,Nanuq,18.2,0,98,72.8,7,119,0,0,0,0,0,2.8,0,2.8,320.6
2012,Nanuq,30.8,0,148.4,112,8.4,140,0,0,0,0,0,8.4,0,0,448
2013,Nanuq,11.83,0,105.75,175.26,0.74,133.85,0,0,0,0,0,8.88,0,0,436.31
2013,Nanuq,26.21,0,69.4,158.08,2.31,286.09,0,0,0,0,0,6.94,0,0,549.03
2013,Nanuq,4.08,0,75.75,92.44,1.86,138.12,0,0,0,0,0,14.48,0,0,326.73
2014,Nanuq,58.7458194,0,104.78984,308.0186206,46.04402061,157.18476,0,0,0,0,0,17.46497334,0,0,692.248034
2014,Nanuq,70.98666262,0,28.73269677,383.6660099,16.90158634,574.6539355,0,0,0,0,0,15.2114277,0,0,1090.152319
2014,Nanuq,114.3999951,0,105.5999955,408.3199826,40.47999828,705.75997,0,0,0,0,0,7.039999701,0,0,1381.599941
2015,Nanuq,25.62062517,0,147.1119768,97.52366999,4.958830677,6377.882723,0,0,0,0,0,0,0,0,6653.097825
2015,Nanuq,42.73523692,0,122.7501486,75.46860988,1.81852072,4539.027717,0,0,0,0,0,5.45556216,0,0,4787.255796
2015,Nanuq,29.09885677,0,117.2037287,82.44676086,0.808301577,2976.974708,0,0,0,0,0,0,0,0,3206.532356
2016,Nanuq,64.14237031,18.32639152,183.2639152,0,9.163195759,6175.993942,0,0,9.163195759,36.65278304,1026.277925,0,0,1227.868232,8750.85195
2016,Nanuq,60.9352518,34.82014388,60.9352518,0,60.9352518,2855.251799,0,0,8.705035971,0,896.618705,0,0,1375.395683,5353.597122
2016,Nanuq,95.75539568,26.11510791,95.75539568,0,17.41007194,6424.316547,0,0,0,43.52517986,931.4388489,0,0,1349.280576,8983.597122
2017,Nanuq,31.98716881,5.875194271,8.812791407,0,0.326399682,853.8615674,0,0,0,0.652799363,34.59836626,0,0,0,936.1142872
2017,Nanuq,42.64955841,9.574390664,26.54717411,0,1.305598727,826.0087946,0,0,0,0,55.27034611,0,0,0,961.3558626
2017,Nanuq,29.21544692,3.53153754,25.04181165,0,0.321048867,584.6299873,0,0,0,0.642097735,57.14669837,0,0,0,700.5286284
2018,Nanuq,450.4088889,77.21295238,147.9914921,0,25.73765079,3912.122921,0,180.1635556,0,12.8688254,1023.071619,0,0,77.21295238,5906.790857
2018,Nanuq,180.0103553,114.9002268,76.60015117,0,72.77014361,1026.442026,0,11.49002268,0,34.47006803,620.4612245,0,0,137.8802721,2275.02449
2018,Nanuq,212.7507424,98.59180748,108.9698925,0,93.40276498,2381.770507,0,15.5671275,5.189042499,31.13425499,1120.83318,0,0,41.51233999,4109.721659
2019,Nanuq,185.9072506,173.5134339,86.75671696,0,86.75671696,2144.130291,0,0,0,24.78763342,3086.06036,0,0,0,5787.9
2019,Nanuq,692.1469946,1307.388768,1845.725319,0,0,10228.39448,0,0,0,153.8104433,20379.88373,0,0,0,34607.3
2019,Nanuq,161.7881633,112.00719,261.35011,0,12.44524333,2414.377207,0,0,0,12.44524333,3210.87278,0,0,0,6185.3
2020,Nanuq,84.66,5.74,88.97,0,2.87,449.15,0,1.43,0,15.78,289.86,0,0,0,938.5
2020,Nanuq,79.64,11.06,55.31,0,2.21,995.51,0,55.31,0,4.42,480.06,0,0,0,1683.5
2020,Nanuq,64.52,28.39,90.33,0,0,655.56,0,183.25,0,2.58,480.06,0,0,0,1504.7
1996,Nema,184.7,0,426.7,14.2,22.8,2355.2,0,0,0,0,0,0,0,0,3003.6
1996,Nema,329.8,0,207.8,14.2,8.5,2139,0,0,0,0,0,0,0,0,2699.3
1996,Nema,51.2,0,375.7,62.6,17.1,5797,0,0,0,0,0,0,0,0,6303.6
1997,Nema,1848.9,0,711,568.9,0,4622.3,0,0,0,0,0,71.1,0,0,7822.2
1997,Nema,35.6,0,497.8,622.2,53.3,2364.5,0,0,0,0,0,17.8,0,0,3591.2
1997,Nema,71.2,0,888.8,462.2,35.6,2346.7,0,0,0,0,0,0,0,0,3804.5
1998,Nema,183.8,0,266,218.4,30.8,772.8,0,0,0,0,0,5.6,0,0,1477.4
1998,Nema,701.1,0,621.3,91.2,51.3,1744.2,0,0,0,0,0,28.5,0,0,3237.6
1999,Nema,3128.4,0,1848.6,2204.1,284.4,6256.8,0,0,0,0,0,0,0,0,13722.3
1999,Nema,302.6,0,854.4,2082.6,89,534,0,0,0,0,0,17.8,0,0,3880.4
1999,Nema,624.8,0,880.4,2783.2,227.2,1363.2,0,0,0,0,0,56.8,0,0,5935.6
2000,Nema,284.8,0,2670,818.8,124.6,8437.2,0,0,0,0,0,89,0,0,12424.4
2000,Nema,427.2,0,462.8,106.8,0,8508.4,0,0,0,0,0,0,0,0,9505.2
2000,Nema,89,0,1655.4,605.2,178,6319,0,0,0,0,0,53.4,0,0,8900
2001,Nema,77,0,468.7,179.8,38.5,2356.2,0,0,0,0,0,12.8,0,0,3133
2001,Nema,284.8,0,1940.2,569.6,106.8,4058.4,0,0,0,0,0,35.6,0,0,6995.4
2001,Nema,213.6,0,943.4,498.4,106.8,3399.8,0,0,0,0,0,89,0,0,5251
2002,Nema,509.6,0,411.6,47.6,95.2,646.8,0,0,0,0,0,8.4,0,0,1719.2
2002,Nema,291.2,0,560,44.8,103.6,761.6,0,0,0,0,0,14,0,0,1775.2
2002,Nema,509.6,0,509.6,58.8,86.8,571.2,0,0,0,0,0,5.6,0,0,1741.6
2003,Nema,313.6,0,341.6,67.2,137.2,792.4,0,0,0,0,0,16.8,0,0,1668.8
2003,Nema,492.8,0,557.2,240.8,112,1492.4,0,0,0,0,0,16.8,0,0,2912
2003,Nema,400.4,0,630,67.2,131.6,744.8,0,0,0,0,0,5.6,0,0,1979.6
2004,Nema,448,0,369.6,72.8,72.8,565.6,0,0,0,0,0,5.6,0,0,1534.4
2004,Nema,397.6,0,364,137.2,84,655.2,0,0,0,0,0,8.4,0,0,1646.4
2004,Nema,462,0,352.8,128.8,89.6,904.4,0,0,0,0,0,8.4,0,0,1946
2005,Nema,247.8,0,464.8,8.4,26.6,484.4,0,0,0,0,0,0,0,0,1232
2005,Nema,179.2,0,516.6,16.8,23.8,366.8,0,0,0,0,0,2.8,0,0,1106
2005,Nema,390.6,0,448,4.2,8.4,431.2,0,0,0,0,0,1.4,0,0,1283.8
2006,Nema,263.2,0,72.8,33.6,47.6,78.4,0,0,0,0,0,5.6,0,0,501.2
2006,Nema,588,0,81.2,22.4,50.4,392,0,0,0,0,0,0,0,0,1134
2006,Nema,439.6,0,89.6,25.2,78.4,313.6,0,0,0,0,0,0,0,0,946.4
2007,Nema,215.6,0,285.6,11.2,44.8,327.6,0,0,0,0,0,2.8,0,0,887.6
2007,Nema,246.4,0,436.8,5.6,44.8,42,0,0,0,0,0,2.8,0,0,778.4
2007,Nema,288.4,0,221.2,5.6,42,0,0,0,0,0,0,5.6,0,0,562.8
2008,Nema,280,0,215.6,16.8,25.2,72.8,0,0,0,0,0,2.8,0,11.2,624.4
2008,Nema,319.1,0,263.2,22.4,47.6,145.6,0,0,0,0,0,0,0,0,797.9
2008,Nema,282.8,0,347.2,5.6,58.8,81.2,0,0,0,0,0,5.6,0,0,781.2
2009,Nema,862.4,0,282.8,89.6,95.2,263.2,0,0,0,0,0,2.8,0,0,1596
2009,Nema,781.2,0,358.4,114.8,64.4,470.4,0,0,0,0,0,2.8,0,0,1792
2009,Nema,963.2,0,358.4,114.8,72.8,313.6,0,0,0,0,0,5.6,0,0,1828.4
2010,Nema,208.6,0,70,9.8,30.8,39.2,0,0,0,0,0,0,0,0,358.4
2010,Nema,264.6,0,179.2,8.4,30.8,291.2,0,0,0,0,0,2.8,0,0,777
2010,Nema,270.2,0,145.6,12.6,30.8,273,0,0,0,0,0,2.8,0,1.4,736.4
2011,Nema,302.4,0,72.8,2.8,16.8,56,0,0,0,0,0,5.6,0,22.4,478.8
2011,Nema,313.6,0,142.8,2.8,19.6,182,0,0,0,0,0,2.8,0,0,663.6
2011,Nema,330.4,0,224,11.2,33.6,336,0,0,0,0,0,11.2,0,16.8,963.2
2012,Nema,317.3,0,288.8,32.3,20.9,163.4,0,0,0,0,0,22.8,0,0,845.5
2012,Nema,321.1,0,497.8,58.9,38,171,0,0,0,0,0,39.9,0,7.6,1134.3
2012,Nema,319.2,0,292.6,45.6,41.8,30.4,0,0,0,0,0,22.8,0,0,752.4
2013,Nema,429.38,0,1357.9,220.06,5.37,767.51,0,0,0,0,0,10.74,0,0,2790.96
2013,Nema,280.88,0,754.45,143.71,9.8,169.83,0,0,0,0,0,0,0,0,1358.67
2013,Nema,483.07,0,731.59,266.03,28,87.51,0,0,0,0,0,0,0,0,1596.2
2014,Nema,423.1542677,0,348.4799852,235.0857043,52.5485692,497.8285503,0,0,0,0,0,27.65714168,0,0,1584.754218
2014,Nema,330.2467685,0,660.493537,362.0012655,12.70179879,793.8624243,0,0,0,0,0,0,0,0,2159.305794
2014,Nema,1372.408942,0,980.2921016,748.5866958,0,0,0,0,0,0,0,8.911746378,0,0,3110.199486
2015,Nema,110.0403483,0,926.4687386,102.940971,60.34470711,734.7855513,0,0,0,0,0,3.549688654,0,0,1938.130005
2015,Nema,120.2244254,0,845.1069902,95.4723378,49.50417516,1658.389868,0,0,0,0,0,0,0,0,2768.697796
2015,Nema,78.04484757,0,731.0200722,91.05232216,41.6239187,395.4272277,0,0,0,0,0,0,0,0,1337.168388
2016,Nema,261.1510791,0,3917.266187,87.05035971,130.5755396,174.1007194,0,7268.705036,0,0,130.5755396,0,0,2959.71223,14929.13669
2016,Nema,104.4604317,0,2263.309353,34.82014388,34.82014388,1044.604317,0,4282.877698,0,0,626.7625899,0,34.82014388,3273.093525,11699.56835
2016,Nema,174.1007194,0,3238.273381,0,0,2298.129496,0,3168.633094,0,0,905.323741,0,0,4422.158273,14206.61871
2017,Nema,94.35918072,5.934539668,33.23342214,0,3.560723801,170.3212885,0,0,0,8.308355535,46.28940941,0,0,3.560723801,365.5676435
2017,Nema,650.188166,15.66718472,301.5933059,0,31.33436945,160.5886434,0,0,0,86.16951598,356.4284524,0,0,7.833592361,1609.80323
2017,Nema,350.3356584,13.05598727,82.68791937,0,4.351995756,413.4395969,0,0,0,17.40798303,226.3037793,0,0,17.40798303,1124.990903
2018,Nema,150.1362963,171.5843386,5297.666455,0,21.44804233,1930.32381,0,0,0,21.44804233,621.9932275,0,0,2016.115979,10230.71619
2018,Nema,384.6079184,42.73421315,8290.437352,0,85.46842631,2820.458068,0,0,0,0,1196.557968,0,0,3632.408118,16452.67206
2018,Nema,470.0763447,213.6710658,11794.64283,0,85.46842631,9957.071665,0,0,0,42.73421315,1324.760608,0,42.73421315,3504.205479,27435.36485
2019,Nema,15103.6362,80.33849045,3534.89358,0,0,43222.10786,0,0,0,0,6266.402255,0,0,0,68207.4
2019,Nema,1284.317201,38.45261081,361.4545416,0,23.07156649,1268.936157,0,0,0,23.07156649,945.934226,0,0,0,3945.2
2019,Nema,13608.41075,1338.532205,2677.064409,0,0,6915.749723,0,0,0,74.36290025,7436.290025,0,0,0,32050.4
2020,Nema,530.25,31.82,392.39,0,21.21,392.39,0,206.8,0,58.33,731.75,0,0,0,2364.9
2020,Nema,388.38,44.97,682.73,0,49.06,261.65,0,12.26,0,40.88,580.53,0,0,0,2060.5
2020,Nema,258.5,35.79,676.07,0,51.7,214.75,0,83.51,0,59.65,731.75,0,0,0,2111.7
2007,Northeast,39.2,42,106.4,0,22.4,1103.2,0,0,0,2.8,98,0,0,0,1414
2007,Northeast,61.6,19.6,123.2,0,19.6,764.4,0,0,0,5.6,109.2,0,0,0,1103.2
2007,Northeast,25.2,50.4,262.8,0,28,862.4,8.4,0,0,2.8,137.2,0,0,0,1377.2
2016,Northeast,128.1,102.4,1024.3,0,51.2,22986.1,0,0,20.5,15.4,389.1,0,0,1242.1,25959.2
2016,Northeast,6,45.7,462,0,31.7,6114.3,0,0,9.9,11.9,269.5,0,0,993.7,7944.7
2016,Northeast,243,61.5,301.5,0,20.5,2338.4,0,0,5.9,2.9,512.1,0,0,944,4429.8
2017,Northeast,236.41,37.77,415.46,0,1.4,1344.3,0,0,0,1.4,72.74,0,0,0,2109.48
2017,Northeast,167.35,26.7,430.85,0,1.78,3642.63,0,0,0,0,108.6,0,0,0,4377.91
2017,Northeast,213.64,37.38,450.43,0,5.34,3735.2,0,0,0,0,67.65,0,0,0,4509.64
2018,Northeast,309.0739917,83.70753942,592.3918175,12.87808299,23.60981881,2476.884628,0,0,0,30.04886031,510.8306252,0,0,0,4039.425364
2018,Northeast,185.7899046,111.9503271,924.1856792,11.90960927,61.92996819,2353.338791,0,0,0,11.90960927,304.8859973,0,0,0,3965.899886
2018,Northeast,615.5463505,337.3667498,2586.478415,0,124.2930131,4285.149594,0,0,0,29.59357454,627.3837803,0,0,0,8605.811477
2019,Northeast,395.2570693,249.9419703,93.00166336,0,40.68822772,23.25041584,0,0,0,23.25041584,1063.706525,0,0,0,1889.1
2019,Northeast,1178.673713,168.3819589,105.2387243,0,84.19097947,157.8580865,0,0,0,21.04774487,1883.773166,0,0,0,3599.2
2019,Northeast,983.2154328,377.3958227,337.6699466,0,19.86293804,794.5175214,0,0,0,0,1628.760919,0,0,0,4141.4
2020,Northeast,136.53,74.12,1287.32,0,7.8,3003.76,0,11.7,0,0,674.87,0,0,0,5196.1
2020,Northeast,230.66,107.38,1280.55,0,3.98,2588.95,0,0,0,0,1026.03,0,0,0,5237.5
2020,Northeast,254.52,43.75,1431.68,0,3.98,2950.84,0,0,0,3.98,580.62,0,0,0,5269.4
2002,Ross,176.4,44.8,218.4,0,16.8,576.8,8.4,0,0,0,142.8,0,0,0,1184.4
2002,Ross,229.6,47.6,78.4,0,14,291.2,8.4,0,0,0,120.4,0,0,0,789.6
2002,Ross,210,30.8,134.4,0,16.8,268.8,14,0,0,0,154,0,0,0,828.8
2004,Ross,232.4,11.2,142.8,0,25.2,927.6,2.8,0,0,2.8,50.4,0,0,0,1395.2
2004,Ross,67.2,25.2,142.8,0,28,940.8,0,0,0,0,50.4,0,0,0,1254.4
2004,Ross,131.6,19.6,162.4,0,39.2,761.6,0,0,0,0,61.6,0,0,0,1176
2016,Ross,69.6,104.5,87,0,0,19029.2,0,104.5,17.4,0,3360.1,0,0,1062,23834.3
2016,Ross,84,72,108,0,12,9299.4,0,12,6,0,1338.8,0,0,150.1,11082.3
2016,Ross,167.1,90.5,348.1,0,0,7569.9,0,7,0,13.9,1720.1,0,0,202,10118.6
2018,Ross,67.57436268,132.4457509,318.9509919,0,24.32677057,2027.23088,2.702974507,10.81189803,0,5.405949015,881.1696894,0,0,0,3470.619267
2018,Ross,367.4556186,479.5607225,2553.505146,0,186.84184,6333.938374,0,0,0,12.45612266,1513.418904,0,0,0,11447.17673
2018,Ross,85.46842631,140.4124147,1025.621116,0,36.62932556,4664.134121,0,0,0,12.20977519,1550.641449,0,0,0,7515.116628
2019,Ross,116.2129107,300.216686,67.79086458,0,106.5285015,968.4409226,0,0,0,19.36881845,3147.432998,0,0,0,4726
2019,Ross,98.66130406,276.2516514,69.06291284,0,78.92904325,0,0,0,0,29.59839122,3699.798902,0,0,0,4252.3
2019,Ross,120.7773279,80.51821862,161.0364372,0,140.9068826,0,0,0,0,10.06477733,5817.441295,0,0,0,6330.7
2020,Ross,1.99,15.91,538.87,0,65.62,1654.38,0,0,0,5.97,379.79,0,0,0,2662.5
2020,Ross,24.33,35.4,351.75,0,66.37,1106.12,0,11.06,0,0,473.42,0,0,0,2068.4
2020,Ross,26.57,42.93,329.1,0,53.15,1265.31,0,8.18,0,4.09,414.96,0,0,0,2144.3
1997,S2,22.7,0,54.1,82.3,5.7,534.8,0,0,0,0,0,14.2,0,0,713.8
1997,S2,82.4,0,62.5,139.3,5.7,421,0,0,0,0,0,5.7,0,0,716.6
1997,S2,56.9,0,312.9,113.7,0,745.3,0,0,0,0,0,5.7,0,0,1234.5
1998,S2,0,0,58.8,36.4,2.8,176.4,0,0,0,0,0,2.8,0,0,277.2
1998,S2,0,0,50.4,39.2,5.6,98,0,0,0,0,0,2.8,0,0,196
1998,S2,5.6,0,46.2,25.2,14,190.4,0,0,0,0,0,11.2,0,0,292.6
1999,S2,5.7,0,148.2,467.4,51.3,273.6,0,0,0,0,0,22.8,0,0,969
1999,S2,638.4,0,125.4,495.9,96.9,638.4,0,0,0,0,0,11.4,0,0,2006.4
1999,S2,28.4,0,227.2,937.2,198.8,681.6,0,0,0,0,0,0,0,0,2073.2
2000,S2,61.6,0,95.2,201.6,92.4,0,0,0,0,0,0,0,0,0,450.8
2000,S2,92.4,0,140,212.8,140,0,0,0,0,0,0,0,0,0,585.2
2000,S2,100.8,0,162.4,142.8,112,0,0,0,0,0,0,0,0,0,518
2001,S2,8.7,0,165.4,295.8,26.1,26.1,0,0,0,0,0,5.2,0,0,527.3
2001,S2,8.3,0,231.1,254.2,21.5,19.8,0,0,0,0,0,8.2,0,0,543.1
2001,S2,74.1,0,91.2,279.3,62.7,0,0,0,0,0,0,11.4,0,0,518.7
2002,S2,56,0,145.6,439.6,33.6,109.2,0,0,0,0,0,16.8,0,0,800.8
2002,S2,120.4,0,226.8,613.2,53.2,0,0,0,0,0,0,5.6,0,0,1019.2
2002,S2,193.8,0,513,661.2,57,0,0,0,0,0,0,11.4,0,0,1436.4
2003,S2,183.4,0,152.6,162.4,43.4,99.4,0,0,0,0,0,5.6,0,0,646.8
2003,S2,22.4,0,78.4,70,5.6,0,0,0,0,0,0,5.6,0,0,182
2003,S2,140,0,0,162.4,22.4,0,0,0,0,0,0,2.8,0,0,327.6
2004,S2,12.6,0,134.4,81.2,120.4,91,0,0,0,0,0,1.4,0,0,441
2004,S2,4.2,0,112,78.4,84,109.2,0,0,0,0,0,0,0,0,387.8
2004,S2,2.8,0,98,403.2,89.6,98,0,0,0,0,0,0,0,0,691.6
2005,S2,54.6,0,98,57.4,23.8,67.2,0,0,0,0,0,2.8,0,0,303.8
2005,S2,117.6,0,193.2,106.4,61.6,63,0,0,0,0,0,7,0,0,548.8
2005,S2,124.6,0,159.6,106.4,40.6,42,0,0,0,0,0,5.6,0,0,478.8
2006,S2,71.4,0,292.6,53.2,18.2,190.4,0,0,0,0,0,5.6,0,0,631.4
2006,S2,82,0,336,51.8,21,225.4,0,0,0,0,0,0,0,0,716.2
2006,S2,58.8,0,215.6,30.8,19.6,222.6,0,0,0,0,0,2.8,0,0,550.2
2007,S2,42,0,224,364,81.2,50.4,0,0,0,0,0,0,0,0,761.6
2007,S2,224,0,215.6,403.2,100.8,112,0,0,0,0,0,2.8,0,0,1058.4
2007,S2,75.6,0,95.2,375.2,89.6,109.2,0,0,0,0,0,5.6,0,0,750.4
2008,S2,61.6,0,98,112,16.8,112,0,0,0,0,0,11.2,0,0,411.6
2008,S2,22.4,0,81.2,145.6,25.2,168,0,0,0,0,0,11.2,0,0,453.6
2008,S2,8.4,0,120.4,126,30.8,254.8,0,0,0,0,0,25.2,0,0,565.6
2009,S2,151.2,0,54.6,165.2,21,0,0,0,0,0,0,1.4,0,0,393.4
2009,S2,138.6,0,57.4,161,29.4,0,0,0,0,0,0,1.4,0,0,387.8
2009,S2,165.2,0,85.4,134.4,22.4,42,0,0,0,0,0,4.2,0,0,453.6
2010,S2,159.6,0,67.2,137.2,81.2,67.2,0,0,0,0,0,0,0,0,512.4
2010,S2,151.2,0,103.6,134.4,64.4,0,0,0,0,0,0,2.8,0,0,456.4
2010,S2,162.4,0,64.4,165.2,72.8,0,0,0,0,0,0,0,0,0,464.8
2011,S2,81.2,0,95.2,81.2,43.4,0,0,0,0,0,0,0,0,0,301
2011,S2,81.2,0,30.8,61.6,29.4,0,0,0,0,0,0,0,0,0,203
2011,S2,154,0,22.4,65.8,16.8,42,0,0,0,0,0,0,0,0,301
2012,S2,152.6,0,98,56,26.6,42,0,0,0,0,0,0,0,0,375.2
2012,S2,131.6,0,77,50.4,29.4,0,0,0,0,0,0,0,0,0,288.4
2012,S2,121.8,0,92.4,35,33.6,0,0,0,0,0,0,0,0,0,282.8
2013,S2,136.85,0,473.5,186.1,32.84,380.44,21.9,0,0,0,0,2.74,0,0,1234.37
2013,S2,154.31,0,378.99,86.24,38.58,399.39,11.35,0,0,0,0,18.16,0,0,1087.02
2013,S2,330.41,0,514.69,76.25,15.88,225.57,34.95,0,0,0,0,0,0,0,1197.75
2014,S2,36.26158716,0,195.8125706,852.1472982,58.01853945,0,0,0,0,0,0,0,0,0,1142.239995
2014,S2,27.04253814,0,104.7898353,861.9809032,50.70475901,0,0,0,0,0,0,0,0,0,1044.518036
2014,S2,95.97264333,0,29.78461345,830.6597751,62.87862839,0,0,0,0,0,0,3.309401494,0,0,1022.605062
2015,S2,75.77169667,0,307.6330885,121.2347147,28.79324473,1688.193402,0,0,0,0,0,0,0,0,2221.626146
2015,S2,29.15682931,0,560.7082559,143.5413135,35.88532838,2162.091035,2.242833024,0,0,0,0,2.242833024,0,0,2935.868428
2015,S2,37.71746679,0,232.1981549,144.976513,23.57341674,1644.245818,0,0,0,0,0,2.357341674,0,0,2085.068711
2016,S2,77.37809752,38.68904876,889.8481215,0,19.34452438,464.2685851,0,0,0,0,870.5035971,0,77.37809752,4120.383693,6557.793765
2016,S2,174.1007194,0,1624.940048,0,38.68904876,677.0583533,0,0,0,19.34452438,715.7474021,0,425.5795364,3249.880096,6925.339728
2016,S2,38.68904876,38.68904876,2089.208633,58.03357314,19.34452438,2185.931255,0,3482.014388,0,19.34452438,735.0919265,0,135.4116707,154.756195,8956.514788
2017,S2,68.93561278,14.88382549,95.56982681,0,2.350077708,773.1755661,0,0,0,7.833592361,75.20248667,0,0,0,1037.950988
2017,S2,82.2527198,15.66718472,123.3790797,0,0,452.3899589,0,0,0,2.937597136,120.4414826,0,0,5.875194271,802.943217
2017,S2,92.84257614,13.05598727,95.01857401,0,0,424.3195862,0,0,0,2.175997878,83.413252,0,0,2.901330504,713.727304
2018,S2,67.96739013,38.23165695,42.47961883,10.61990471,19.11582848,169.9184753,0,0,0,23.36379036,443.9120168,0,0,0,815.6086816
2018,S2,17.22249244,25.83373865,82.66796369,13.77799395,10.33349546,5.166747731,1.722249244,0,0,6.888996974,518.3970223,0,0,0,682.0107005
2018,S2,30.81390938,16.21784704,84.33280463,3.243569409,3.243569409,16.21784704,0,0,0,8.108923522,416.798669,0,0,0,578.9771395
2019,S2,73.1537474,82.29796583,182.8843685,0,36.5768737,0,0,0,0,9.144218425,2715.832872,0,0,0,3099.9
2019,S2,476.0799434,152.3455819,342.7775593,0,38.08639547,95.21598868,0,0,0,47.60799434,1923.362971,0,0,0,3075.5
2019,S2,716.0967176,41.5128532,134.9167729,0,31.1346399,0,0,0,0,83.02570639,2252.072286,0,0,0,3258.8
2020,S2,88.01,29.34,83.31,0,3.52,133.77,0,49.28,0,9.39,231.17,0,0,0,627.8
2020,S2,117,5.16,147.97,0,32.69,51.62,0,51.62,0,17.21,309.71,0,0,0,733
2020,S2,113.65,18.94,558.78,0,3.16,340.95,0,0,0,6.31,309.38,0,0,0,1351.2
1997,S3,2.8,0,76.7,93.9,59.7,750.9,0,0,0,0,0,8.5,0,0,992.5
1997,S3,39.7,0,65.4,88.1,48.3,332.8,0,0,0,0,0,14.2,0,0,588.5
1997,S3,369.8,0,142.2,182,0,1046.7,0,0,0,0,0,11.4,0,0,1752.1
1998,S3,21,0,18.2,54.6,8.4,33.6,0,0,0,0,0,5.6,0,0,141.4
1998,S3,74.1,0,91.2,68.4,17.1,228,0,0,0,0,0,5.7,0,0,484.5
1998,S3,67.2,0,28,112,11.2,481.6,0,0,0,0,0,8.4,0,0,708.4
1999,S3,271.6,0,19.6,151.2,25.2,44.8,0,0,0,0,0,5.6,0,0,518
1999,S3,380.8,0,16.8,126,2.8,100.8,0,0,0,0,0,0,0,0,627.2
1999,S3,56.8,0,198.8,482.8,170.4,0,0,0,0,0,0,0,0,0,908.8
2000,S3,19.6,0,201.6,100.8,84,0,0,0,0,0,0,11.2,0,0,417.2
2000,S3,39.9,0,330.6,171,51.3,0,0,0,0,0,0,0,0,0,592.8
2000,S3,11.2,0,142.8,109.2,75.6,0,0,0,0,0,0,8.4,0,0,347.2
2001,S3,18.3,0,110.3,91.2,13.2,28.2,0,0,0,0,0,0.8,0,0,262
2001,S3,1,0,138,130,17,76,0,0,0,0,0,0,0,0,362
2001,S3,125.4,0,114,193.8,68.4,0,0,0,0,0,0,5.7,0,0,507.3
2002,S3,14,0,100.8,299.6,19.6,39.2,0,0,0,0,0,0,0,0,473.2
2002,S3,92.4,0,84,392,16.8,42,0,0,0,0,0,0,0,0,627.2
2002,S3,114.8,0,137.2,299.6,22.4,28,0,0,0,0,0,0,0,0,602
2003,S3,58.8,0,165.2,170.8,11.2,0,0,0,0,0,0,16.8,0,0,422.8
2003,S3,50.4,0,151.2,182,16.8,0,0,0,0,0,0,0,0,0,400.4
2003,S3,29.4,0,137.2,86.8,5.6,32.2,0,0,0,0,0,9.8,0,0,301
2004,S3,23.8,0,86.8,154,22.4,91,0,0,0,0,0,2.8,0,0,380.8
2004,S3,22.4,0,162.4,114.8,33.6,330.4,0,0,0,0,0,2.8,0,0,666.4
2004,S3,21,0,109.2,135.8,33.6,126,0,0,0,0,0,0,0,0,425.6
2005,S3,60.2,0,103.6,44.8,22.4,0,0,0,0,0,0,1.4,0,0,232.4
2005,S3,176.4,0,183.4,53.2,23.8,42,0,0,0,0,0,5.6,0,0,484.4
2005,S3,151.2,0,169.4,72.8,35,35,0,0,0,0,0,1.4,0,0,464.8
2006,S3,25.2,0,151.2,56,0,61.6,0,0,0,0,0,5.6,0,0,299.6
2006,S3,44.8,0,121.8,47.6,0,147,0,0,0,0,0,2.8,0,0,364
2006,S3,16.8,0,135.8,43.4,0,105,0,0,0,0,0,16.8,0,0,317.8
2007,S3,56,0,70,240.8,22.4,70,0,0,0,0,0,0,0,0,459.2
2007,S3,36.4,0,162.4,296.8,5.6,19.6,0,0,0,0,0,5.6,0,19.6,546
2007,S3,44.8,0,226.8,327.6,25.2,95.2,0,0,0,0,0,5.6,0,0,725.2
2008,S3,22.4,0,100.8,81.2,19.6,42,0,0,0,0,0,8.4,0,0,274.4
2008,S3,70,0,81.2,75.6,11.2,142.8,0,0,0,0,0,2.8,0,0,383.6
2008,S3,22.4,0,92.4,98,22.4,78.4,0,0,0,0,0,2.8,0,0,316.4
2009,S3,170.8,0,92.4,113.4,4.2,35,0,0,0,0,0,0,0,0,415.8
2009,S3,133,0,68.6,119,14,0,0,0,0,0,0,0,0,0,334.6
2009,S3,254.8,0,28,102.2,19.6,0,0,0,0,0,0,1.4,0,0,406
2010,S3,46.2,0,95.2,187.6,71.4,161,0,0,0,0,0,1.4,0,0,562.8
2010,S3,49,0,112,198.8,93.8,203,0,0,0,0,0,1.4,0,0,658
2010,S3,60.2,0,189,182,53.2,112,0,0,0,0,0,2.8,0,0,599.2
2011,S3,68.6,0,39.2,74.2,5.6,0,0,0,0,0,0,0,0,0,187.6
2011,S3,54.6,0,35,47.6,0,0,0,0,0,0,0,2.8,0,0,140
2011,S3,61.6,0,43.4,74.2,0,0,0,0,0,0,0,4.2,0,0,183.4
2012,S3,70,0,93.8,47.6,1.4,98,0,0,0,0,0,9.8,0,1.4,322
2012,S3,119,0,40.6,89.6,8.4,0,0,0,0,0,0,9.8,0,0,267.4
2012,S3,75.6,0,72.8,74.2,2.8,42,0,0,0,0,0,12.6,0,0,280
2013,S3,304.9,0,111.73,130.68,28.41,672.28,0,0,0,0,0,3.79,0,0,1251.79
2013,S3,657.63,0,147.5,135.21,9.22,52.24,0,0,0,0,0,3.07,0,0,1004.87
2013,S3,2021.25,0,347.57,338.4,91.46,310.96,0,0,0,0,0,0,0,0,3109.64
2014,S3,26.55085948,0,128.3291542,449.1520395,61.95200545,318.6103138,0,0,0,0,0,0,0,0,984.5943724
2014,S3,43.4967299,0,84.92218695,366.6152949,97.34982407,205.0560124,2.071272852,0,0,0,0,10.35636426,0,0,809.8676853
2014,S3,35.08979891,0,64.33129801,277.7942414,74.56582269,242.7044425,2.924149909,0,0,0,0,2.924149909,0,0,700.3339033
2015,S3,143.9589772,0,86.04444617,281.2991509,6.618803551,99.28205327,0,0,0,0,0,14.89230799,0,0,632.0957391
2015,S3,140.3051281,0,240.309847,223.8911618,8.955646473,149.2607746,0,0,0,0,0,17.91129295,0,0,780.6338509
2015,S3,129.8349154,0,251.3470799,271.3216823,6.658200792,133.1640158,0,0,0,0,0,14.98095178,0,0,807.306846
2016,S3,17.41007194,52.23021583,261.1510791,17.41007194,26.11510791,1732.302158,0,731.2230216,8.705035971,34.82014388,792.1582734,0,26.11510791,661.5827338,4361.223022
2016,S3,39.56834532,31.65467626,63.30935252,0,15.82733813,1519.42446,0,720.1438849,23.74100719,7.913669065,672.6618705,0,23.74100719,894.2446043,4012.230216
2016,S3,74.61459404,24.87153135,140.9386776,8.290510449,16.5810209,7179.582049,0,754.4364508,0,0,696.4028777,0,24.87153135,746.1459404,9666.735183
2017,S3,53.64307813,4.257387153,91.9595625,1.702954861,0,320.1555139,0,0,0,0.851477431,107.2861563,0,0,1.702954861,581.5590851
2017,S3,215.1232007,10.33342885,80.78862558,0,1.878805246,1137.616577,0,0,0,8.454623608,109.9101069,0,0,0,1564.105367
2017,S3,35.63669306,2.545478075,65.54606044,0,0,658.0060825,0,0,0,7.636434226,87.18262408,0,0,0,856.5533724
2018,S3,33.84594166,23.26908489,50.76891248,12.69222812,12.69222812,6.346114061,2.115371354,0,0,4.230742707,488.6507827,0,0,0,634.6114061
2018,S3,137.0624225,123.3561802,3919.985283,0,27.4124845,2192.99876,0,0,0,27.4124845,1000.555684,0,0,0,7428.783299
2018,S3,24.84436143,28.98508833,95.23671881,12.42218071,6.901211508,5.520969206,0,0,0,17.94314992,349.2013023,0,0,2.760484603,543.8154668
2019,S3,391.7296315,23.74118979,47.48237958,0,17.80589234,0,0,0,0,0,1365.118413,0,0,0,1845.9
2019,S3,443.0789473,11.36099865,11.36099865,0,0,0,0,0,0,5.680499325,1272.431849,0,0,0,1743.9
2019,S3,502.4807403,58.42799305,64.27079236,0,0,0,11.68559861,0,0,11.68559861,1186.088259,0,0,0,1834.6
2020,S3,203.62,31.57,94.71,0,3.16,508.27,0,7.89,0,4.74,194.15,0,0,0,1048.1
2020,S3,117.95,49.24,201.55,0,3.44,38.94,0,0,0,0,221.02,0,0,0,632.1
2020,S3,139.9,20.73,119.18,0,6.91,153.72,0,25.91,0,1.73,271.17,0,0,0,739.2
1996,Slipper,56.9,0,358.6,34.2,51.2,1001.2,0,0,0,0,0,0,0,0,1502.1
1996,Slipper,62.6,0,214.5,22.8,20.9,305.3,0,0,0,0,0,5.7,0,0,631.8
1996,Slipper,8.4,0,287.4,14.2,21.4,223.3,0,0,0,0,0,1.4,0,0,556.1
1997,Slipper,34.1,0,136.5,17,37,398.2,0,0,0,0,0,0,0,0,622.8
1997,Slipper,71.1,0,201.9,36.9,85.3,608.7,0,0,0,0,0,0,0,0,1003.9
1997,Slipper,264.5,0,122.2,51.2,11.4,204.8,0,0,0,0,0,11.4,0,0,665.5
1998,Slipper,61.6,0,98,16.8,0,196.2,0,0,0,0,0,5.6,0,0,378.2
1998,Slipper,148.2,0,267.9,119.7,11.4,729.6,0,0,0,0,0,0,0,0,1276.8
1998,Slipper,61.6,0,182,53.2,5.6,773.6,0,0,0,0,0,5.6,0,0,1081.6
1999,Slipper,444.6,0,433.2,142.5,91.2,809.4,0,0,0,0,0,5.7,0,0,1926.6
1999,Slipper,95.2,0,221.2,14,47.6,246.4,0,0,0,0,0,8.4,0,0,632.8
1999,Slipper,113.6,0,1420,170.4,568,1164.4,0,0,0,0,0,85.2,0,0,3521.6
2000,Slipper,818.8,0,694.2,213.6,89,2741.2,0,0,0,0,0,17.8,0,0,4574.6
2000,Slipper,1495.2,0,729.8,160.2,160.2,3061.6,0,0,0,0,0,35.6,0,0,5642.6
2000,Slipper,623,0,943.4,338.2,35.6,996.8,0,0,0,0,0,17.8,0,0,2954.8
2001,Slipper,13.3,0,168.7,14.1,23.3,60.6,0,0,0,0,0,11.6,0,0,291.6
2001,Slipper,25.2,0,89.9,8.3,28.5,137.8,0,0,0,0,0,3.3,0,0,293
2001,Slipper,70,0,56,0,61.6,39.2,0,0,0,0,0,11.2,0,0,238
2002,Slipper,417.2,0,663.6,50.4,50.4,369.6,0,0,0,0,0,2.8,0,0,1554
2002,Slipper,103.6,0,543.2,42,39.2,627.2,0,0,0,0,0,0,0,0,1355.2
2002,Slipper,228,0,655.5,91.2,45.6,866.4,0,0,0,0,0,0,0,0,1886.7
2003,Slipper,280,0,333.2,25.2,36.4,588,0,0,0,0,0,0,0,0,1262.8
2003,Slipper,257.6,0,296.8,30.8,58.8,784,0,0,0,0,0,0,0,0,1428
2003,Slipper,462,0,322,8.4,44.8,588,0,0,0,0,0,0,0,0,1425.2
2004,Slipper,103.6,0,142.8,84,75.6,663.6,0,0,0,0,0,0,0,0,1069.6
2004,Slipper,173.6,0,210,92.4,30.8,380.8,0,0,0,0,0,2.8,0,0,890.4
2004,Slipper,123.2,0,148.4,64.4,47.6,112,0,0,0,0,0,0,0,0,495.6
2005,Slipper,128.8,0,389.2,22.4,58.8,280,0,0,0,0,0,0,0,0,879.2
2005,Slipper,151.2,0,266,30.8,75.6,263.2,0,0,0,0,0,0,0,0,786.8
2005,Slipper,285.6,0,294,11.2,95.2,501.2,0,0,0,0,0,5.6,0,0,1192.8
2006,Slipper,130.2,0,189.2,33.6,70,168,0,0,0,0,0,5.6,0,0,596.6
2006,Slipper,182,0,222.6,29.4,81.2,184.8,0,0,0,0,0,8.4,0,0,708.4
2006,Slipper,126,0,175,42,86.8,145.6,0,0,0,0,0,4.2,0,4.2,583.8
2007,Slipper,411.6,0,252,22.4,201.6,414.4,0,0,0,0,0,5.6,0,8.4,1316
2007,Slipper,431.2,0,274.4,28,179.2,112,0,0,0,0,0,2.8,0,0,1027.6
2007,Slipper,378,0,319.2,11.2,151.2,498.4,0,0,0,0,0,0,0,0,1358
2008,Slipper,212.8,0,95.2,30.8,123.2,44.8,0,0,0,0,0,2.8,0,0,509.6
2008,Slipper,196,0,274.4,67.2,106.4,78.4,0,0,0,0,0,5.6,0,0,728
2008,Slipper,154,0,151.2,67.2,137.2,44.8,0,0,0,0,0,0,0,16.8,571.2
2009,Slipper,373.8,0,152.6,89.6,99.4,112,0,0,0,0,0,0,0,0,827.4
2009,Slipper,310.8,0,114.8,137.2,86.8,0,0,0,0,0,0,0,0,0,649.6
2009,Slipper,238,0,124.6,110.6,79.8,112,0,0,0,0,0,1.4,0,0,666.4
2010,Slipper,158.2,0,131.6,35,47.6,117.6,0,0,0,0,0,2.8,0,0,492.8
2010,Slipper,245,0,67.2,28,102.2,0,0,0,0,0,0,2.8,0,0,445.2
2010,Slipper,172.2,0,35,35,65.8,0,0,0,0,0,0,0,0,0,308
2011,Slipper,243.6,0,42,14,19.6,0,0,0,0,0,0,7,0,0,326.2
2011,Slipper,224,0,96.6,16.8,12.6,0,0,0,0,0,0,2.8,0,0,352.8
2011,Slipper,348.6,0,152.6,16.8,36.4,89.6,0,0,0,0,0,0,0,0,644
2012,Slipper,484.4,0,190.4,30.8,28,56,0,0,0,0,0,2.8,0,0,792.4
2012,Slipper,680.4,0,159.6,44.8,47.6,324.8,0,0,0,0,0,0,0,0,1257.2
2012,Slipper,490,0,67.2,36.4,11.2,28,0,0,0,0,0,5.6,0,0,638.4
2013,Slipper,195.64,0,301.31,39.98,18.56,0,0,0,0,0,0,5.71,0,0,561.2
2013,Slipper,174.74,0,304.69,11.54,2.89,40.43,0,0,0,0,0,0,0,0,534.29
2013,Slipper,341.36,0,1629.46,289.83,6.44,77.29,0,0,0,0,0,0,0,0,2344.38
2014,Slipper,587.3557369,0,406.1502436,124.9693057,18.74539586,890.4063034,0,0,0,0,0,0,0,0,2027.626986
2014,Slipper,699.8281121,0,153.0873995,178.0812607,24.99386115,99.97544459,0,0,0,0,0,0,0,0,1155.966078
2014,Slipper,454.9599807,0,135.5199942,198.4399916,12.09999949,362.9999846,0,0,0,0,0,7.259999691,0,0,1171.27995
2015,Slipper,82.74269276,0,422.1998938,82.74269276,91.22912279,1289.937364,0,0,0,0,0,0,0,0,1968.851766
2015,Slipper,84.51685052,0,548.2174088,73.09565451,73.09565451,2389.314207,0,0,0,0,0,0,0,0,3168.239775
2015,Slipper,240.3256049,0,1640.222254,84.11396173,102.1383821,4379.93415,0,0,0,0,0,0,0,0,6446.734353
2016,Slipper,397.9445015,0,920.2466598,0,49.74306269,1193.833505,0,4924.563207,0,0,1417.677287,0,0,0,8904.008222
2016,Slipper,835.6834532,0,1741.007194,0,69.64028777,835.6834532,0,0,0,0,522.3021583,0,0,6929.208633,10933.52518
2016,Slipper,914.028777,174.1007194,1697.482014,0,478.7769784,4004.316547,0,0,0,0,826.9784173,0,0,9096.76259,17192.44604
2017,Slipper,124.0318791,23.50077708,139.6990638,0,6.527993635,107.0590956,0,0,0,7.833592361,160.5886434,0,0,13.05598727,582.2970322
2017,Slipper,100.0463794,25.36387082,191.6381351,0,7.045519673,359.3215033,0,0,0,4.227311804,169.0924722,0,0,8.454623608,865.1898159
2017,Slipper,124.625333,26.7054285,259.9328374,0,10.6821714,521.6460368,0,0,0,3.560723801,185.1576376,0,0,32.04651421,1164.356683
2018,Slipper,739.9574603,193.032381,1136.746243,0,85.79216931,621.9932275,0,0,0,32.17206349,1168.918307,0,117.9642328,42.89608466,4139.472169
2018,Slipper,1132.456649,128.2026395,3311.901519,0,106.8355329,42.73421315,0,0,0,21.36710658,1538.431674,0,170.9368526,641.0131973,7093.879384
2018,Slipper,643.4412698,117.9642328,1286.88254,0,21.44804233,0,0,0,0,32.17206349,868.6457143,0,53.62010582,482.5809524,3506.754921
2019,Slipper,17028.30456,774.0138435,3289.558835,0,387.0069217,12577.72496,96.75173043,0,0,0,10836.19381,0,0,0,44989.6
2019,Slipper,11924.06083,292.6149896,2633.534906,0,0,11997.21457,0,0,0,146.3074948,8632.142193,0,0,0,35625.9
2019,Slipper,4832.210753,62.48548388,1249.709678,0,62.48548388,0,0,0,0,0,3165.931183,0,0,0,9372.8
2020,Slipper,617.24,32.06,3078.2,0,64.13,152.31,0,0,0,8.02,641.29,0,0,0,4593.2
2020,Slipper,494.59,10.52,2788.62,0,15.78,231.51,5.26,0,0,15.78,510.37,0,0,0,4072.4
2020,Slipper,272.29,15.78,2813.62,0,19.73,939.19,0,0,0,35.52,493.27,0,0,0,4589.4
1999,Ulu,190.4,42,165.2,0,19.6,397.6,2.8,0,0,0,106.4,0,0,0,924
1999,Ulu,568,170.4,766.8,0,227.2,2215.2,0,0,0,0,511.2,0,0,0,4458.8
1999,Ulu,84,16.8,84,0,16.8,333.2,2.8,0,0,0,42,0,0,0,579.6
2004,Ulu,44.8,30.8,151.2,0,19.6,182,16.8,0,0,0,154,0,0,0,599.2
2004,Ulu,84,235.2,784,0,64.4,392,56,0,0,2.8,277.2,0,0,0,1895.6
2004,Ulu,84,193.2,515.2,0,47.6,322,44.8,0,0,0,341.6,0,0,0,1548.4
2016,Ulu,52.1,89.3,387.3,0,63.3,160.2,0,0,33.5,3.7,733.6,0,0,894.3,2417.3
2016,Ulu,48.5,51.7,249,0,42.1,1177.6,0,0,25.9,12.9,514.4,0,0,1142.8,3264.9
2016,Ulu,123,143.4,426.2,0,36.9,491.7,0,0,0,8.2,766.3,0,0,1391.2,3386.9
2018,Ulu,204.3411282,158.6332443,467.8336356,21.50959244,75.28357355,1067.413525,2.688699055,0,0,26.88699055,362.9743725,0,0,5.377398111,2392.942159
2018,Ulu,226.605534,159.9568476,1015.725982,15.99568476,79.97842378,1866.163221,0,0,0,34.65731697,258.5969035,0,0,0,3657.679914
2018,Ulu,173.2540733,130.5338908,1191.418422,4.74668694,56.96024328,1283.978817,2.37334347,0,0,14.24006082,192.2408211,0,0,0,3049.746359
2019,Ulu,508.356479,1118.384254,1016.712958,0,737.1168946,5134.400438,0,0,0,0,4829.386551,0,0,0,13344.4
2019,Ulu,1140.5801,1552.456247,633.6556112,0,887.1178556,20435.39346,0,0,0,0,5386.072695,0,0,0,30035.3
2019,Ulu,828.1658162,380.5086182,738.6343766,0,380.5086182,1522.034473,0,0,0,0,4543.720559,0,0,0,8393.6
2020,Ulu,202.85,1248.31,6101.13,0,265.27,19395.68,0,46.81,0,62.42,1139.09,0,0,0,28461.6
2020,Ulu,686.46,884.77,2867.86,0,305.09,14949.49,0,15.25,0,15.25,1357.66,0,0,0,21081.8
2020,Ulu,882.69,1006.57,5450.97,0,247.77,7758.34,0,0,0,0,913.66,0,0,0,16260
2005,Upper Exeter,11.2,0,114.8,36.4,16.8,966,0,0,0,0,0,2.8,0,0,1148
2005,Upper Exeter,42,0,123.2,84,14,1254.4,0,0,0,0,0,2.8,0,0,1520.4
2005,Upper Exeter,0,0,131.1,79.8,22.8,1362.3,0,0,0,0,0,5.7,0,0,1601.7
2006,Upper Exeter,2.8,0,184.8,36.4,2.8,268.8,0,0,0,0,0,11.2,0,0,506.8
2006,Upper Exeter,2.8,0,156.8,44.8,2.8,372.4,0,0,0,0,0,5.6,0,0,585.2
2006,Upper Exeter,0,0,266,33.6,0,375.2,0,0,0,0,0,2.8,0,0,677.6
2008,Upper Exeter,72.8,0,222.6,75.6,12.6,253.4,0,0,0,0,0,2.8,0,0,639.8
2008,Upper Exeter,36.4,0,138.6,74.2,9.8,326.2,0,0,0,0,0,9.8,0,0,595
2008,Upper Exeter,116.2,0,131.6,100.8,12.6,260.4,0,0,0,0,0,2.8,0,0,624.4
2014,Upper Exeter,104.8589013,0,381.5079176,341.3491894,256.5696522,995.0440424,6.693121362,0,0,0,0,8.924161815,0,0,2094.946986
2014,Upper Exeter,109.1494768,0,114.347071,200.9736399,195.7760457,677.4197689,0,0,0,0,0,5.197594135,0,0,1302.863596
2014,Upper Exeter,111.1900764,0,240.1705649,415.8508856,240.1705649,280.1989924,0,0,0,0,0,22.23801527,0,0,1309.8191
2015,Upper Exeter,8.800000176,0,59.15555674,62.57777903,28.84444502,333.4222289,0,0,0,0,0,3.911111189,0,0,496.711121
2015,Upper Exeter,35.83678662,0,109.2728248,97.52305866,0,161.5592839,0,0,0,0,0,2.349953221,0,0,406.5419072
2015,Upper Exeter,24.02074122,0,37.6444452,57.36296411,0,295.4192652,0,0,0,0,0,0.717037051,0,0,415.1644527
2016,Upper Exeter,26.78472607,13.39236303,281.2396237,53.56945213,26.78472607,4111.455451,0,80.3541782,0,0,1232.097399,0,0,2490.979524,8316.657443
2016,Upper Exeter,15.82733813,31.65467626,237.4100719,15.82733813,63.30935252,6932.374101,0,0,15.82733813,0,1851.798561,0,0,2389.928058,11553.95683
2016,Upper Exeter,107.1389043,13.39236303,241.0625346,0,26.78472607,20383.17654,0,26.78472607,26.78472607,0,1767.79192,0,0,1794.576646,24387.49308
2017,Upper Exeter,82.06620569,25.17940402,171.5929755,0,0.932570519,533.430337,0,0,0,1.865141038,32.63996817,0,0,0,847.706602
2017,Upper Exeter,65.80581812,16.88821881,132.776341,0.582352373,1.164704745,234.6880062,0,0,0,4.076466609,25.04115203,0,0,0,481.0230599
2017,Upper Exeter,141.9838616,27.41757327,134.1502692,0,1.95839809,547.3722663,0,0,0,5.875194271,46.02235512,0,0,1.95839809,906.7383158
2018,Upper Exeter,103.8010222,121.9662011,176.4617377,12.97512777,44.11543443,1432.454106,0,0,0,20.76020444,508.6250088,0,0,0,2421.158843
2018,Upper Exeter,129.7427763,108.1189803,316.2480174,24.32677057,35.13866859,600.0603406,0,0,0,18.92082155,454.0997172,0,0,0,1686.656093
2018,Upper Exeter,133.1570599,102.4285076,332.8926498,40.97140306,30.72855229,1065.256479,0,0,0,23.04641422,486.5354113,0,0,0,2215.016478
2019,Upper Exeter,222.6247326,170.6789616,3.71041221,0,7.420824419,14.84164884,0,0,0,3.71041221,779.186564,0,0,0,1202.2
2019,Upper Exeter,199.9535762,155.5194482,14.81137602,0,70.35403608,44.43412805,0,0,0,14.81137602,703.5403608,0,0,0,1203.4
2019,Upper Exeter,304.8271866,154.2499017,55.08925059,0,88.14280095,778.5947417,0,0,0,0,561.9103561,0,0,0,1942.8
2020,Upper Exeter,19.5,7.8,362.79,0,64.37,4062.87,0,5.85,0,7.8,144.34,0,0,0,4675.3
2020,Upper Exeter,37.49,43.41,246.64,0,61.17,8204.08,0,13.81,0,0,193.36,0,0,0,8800
2020,Upper Exeter,28.41,59.98,830.27,0,53.67,9549.72,0,3.16,0,15.78,123.12,0,0,0,10664.1
1996,Vulture,12.8,0,113.8,22.7,2.8,59.7,0,0,0,0,0,2.8,0,0,214.6
1996,Vulture,55.5,0,51.1,24.2,2.8,174.9,0,0,0,0,0,4.3,0,0,312.8
1996,Vulture,31.2,0,81.1,52.6,17,143.6,0,0,0,0,0,7.1,0,0,332.6
1997,Vulture,11.4,0,290.2,45.6,0,0,0,0,0,0,0,34.1,0,0,381.3
1997,Vulture,2.8,0,71.1,45.5,0,31.3,0,0,0,0,0,17.1,0,0,167.8
1997,Vulture,42.6,0,48.3,28.4,0,0,0,0,0,0,0,5.7,0,0,125
1998,Vulture,42,0,14,5.6,5.6,604.8,0,0,0,0,0,0,0,0,672
1998,Vulture,34.2,0,17.1,17.1,11.4,930.2,0,0,0,0,0,0,0,0,1010
1998,Vulture,50.4,0,187.6,5.6,2.8,652.4,0,0,0,0,0,2.8,0,0,901.6
1999,Vulture,1306.4,0,85.2,937.2,28.4,596.4,0,0,0,0,0,0,0,0,2953.6
1999,Vulture,95.2,0,196,204.4,14,67.2,0,0,0,0,0,5.6,0,0,582.4
1999,Vulture,170.4,0,113.6,340.8,28.4,0,0,0,0,0,0,0,0,0,653.2
2000,Vulture,11.4,0,125.4,114,17.1,689.7,0,0,0,0,0,17.1,0,0,974.7
2000,Vulture,28,0,36.4,72.8,11.2,445.2,0,0,0,0,0,5.6,0,0,599.2
2000,Vulture,53.2,0,92.4,53.2,2.8,347.2,0,0,0,0,0,19.6,0,0,568.4
2001,Vulture,5,0,16.5,447.3,3.4,66,0,0,0,0,0,3.4,0,0,541.6
2001,Vulture,92.4,0,64.4,378,2.8,0,0,0,0,0,0,5.6,0,0,543.2
2001,Vulture,7.2,0,25,424.2,1.8,89.5,0,0,0,0,0,3.6,0,0,551.3
2002,Vulture,560,0,56,11.2,30.8,210,0,0,0,0,0,8.4,0,0,876.4
2002,Vulture,406,0,79.4,22.4,16.8,109.2,0,0,0,0,0,14,0,0,647.8
2002,Vulture,843.6,0,114,11.4,28.5,256.5,0,0,0,0,0,11.4,0,0,1265.4
2003,Vulture,5.6,0,14,330.4,2.8,154,0,0,0,0,0,0,0,0,506.8
2003,Vulture,8.4,0,19.6,330.4,16.8,196,0,0,0,0,0,0,0,0,571.2
2003,Vulture,28,0,44.8,308,19.6,224,0,0,0,0,0,0,0,0,624.4
2004,Vulture,8.4,0,53.2,77,12.6,63,0,0,0,0,0,4.2,0,0,218.4
2004,Vulture,36.4,0,135.8,133,42,70,0,0,0,0,0,2.8,0,0,420
2004,Vulture,22.4,0,89.6,110.6,32.2,56,0,0,0,0,0,2.8,0,0,313.6
2005,Vulture,21,0,53.2,56,0,126,0,0,0,0,0,2.8,0,0,259
2005,Vulture,26.6,0,39.2,58.8,1.4,145.6,0,0,0,0,0,0,0,0,271.6
2005,Vulture,15.4,0,42,58.8,0,70,0,0,0,0,0,1.4,0,0,187.6
2006,Vulture,11.2,0,71.4,84,1.4,0,0,0,0,0,0,4.2,0,0,172.2
2006,Vulture,11.2,0,51.8,95.2,0,42,0,0,0,0,0,7,0,0,207.2
2006,Vulture,8.4,0,68.6,123.2,4.2,105,0,0,0,0,0,11.2,0,0,320.6
2007,Vulture,16.8,0,33.6,56,11.2,0,0,0,0,0,0,2.8,0,0,120.4
2007,Vulture,14,0,19.6,67.2,28,42,0,0,0,0,0,0,0,0,170.8
2007,Vulture,5.6,0,39.2,58.8,14,0,0,0,0,0,0,0,0,0,117.6
2008,Vulture,39.2,0,30.8,114.8,0,0,0,0,0,0,0,0,0,0,184.8
2008,Vulture,28,0,14,117.6,0,0,0,0,0,0,0,0,0,0,159.6
2008,Vulture,53.2,0,16.8,117.6,0,42,0,0,0,0,0,2.8,0,0,232.4
2009,Vulture,58.8,0,61.6,44.8,0,280,0,0,0,0,0,2.8,0,0,448
2009,Vulture,56,0,58.8,44.8,0,397.6,0,0,0,0,0,8.4,0,0,565.6
2009,Vulture,37.8,0,28,19.6,1.4,105,0,0,0,0,0,1.4,0,0,193.2
2010,Vulture,30.8,0,84,64.4,5.6,448,0,0,0,0,0,0,0,0,632.8
2010,Vulture,30.8,0,33.6,36.4,8.4,434,0,0,0,0,0,0,0,0,543.2
2010,Vulture,47.6,0,70,53.2,11.2,784,0,0,0,0,0,8.4,0,0,974.4
2011,Vulture,5.6,0,37.8,22.4,22.4,0,0,0,0,0,0,2.8,0,0,91
2011,Vulture,22.4,0,36.4,46.2,11.2,0,0,0,0,0,0,2.8,0,0,119
2011,Vulture,5.6,0,21,19.6,14,56,0,0,0,0,0,0,0,0,116.2
2012,Vulture,2.8,0,35,21.2,8.4,100.8,0,0,0,0,0,1.4,0,0,169.6
2012,Vulture,19.6,0,82.6,60.2,7,130.2,0,0,0,0,0,0,0,0,299.6
2012,Vulture,4.2,0,44.8,53.2,9.8,0,0,0,0,0,0,0,0,0,112
2013,Vulture,14.02,0,47.9,422.91,0,0,0,0,0,0,0,9.34,0,0,494.17
2013,Vulture,8.79,0,69.12,309.03,1.26,33.92,0,0,0,0,0,13.82,0,0,435.94
2013,Vulture,1.1,0,52.88,269.89,5.51,125.59,0,0,0,0,0,24.24,0,0,479.21
2014,Vulture,48.40000024,0,121.8962969,159.5407415,15.23703711,666.8444478,4.481481504,0,0,0,0,6.274074105,0,0,1022.674079
2014,Vulture,67.09997761,0,89.46663682,221.3122069,18.83508144,1370.252174,4.708770359,0,0,0,0,3.531577769,0,0,1775.206425
2014,Vulture,29.91879939,0,65.65514311,129.6481307,24.93233283,923.3273923,0,0,0,0,0,1.662155522,0,0,1175.143954
2015,Vulture,33.87999973,0,55.65999955,24.46888869,0,27.42666645,0,0,0,0,0,6.453333282,0,0,147.8888877
2015,Vulture,88.89620317,0,31.46768254,99.1232,0,53.49506032,0,0,0,0,0,7.866920635,0,0,280.8490667
2015,Vulture,93.44332823,0,70.47844247,106.11361,0,155.210952,0,0,0,0,0,6.335140897,0,0,431.5814736
2016,Vulture,6.448174793,83.82627232,206.3415934,0,19.34452438,9530.402345,0,0,0,25.79269917,535.1985079,0,0,1250.94591,11658.30003
2016,Vulture,23.21342926,63.83693046,87.05035971,0,17.41007194,4410.551559,0,0,0,11.60671463,354.0047962,0,0,1183.884892,6151.558753
2016,Vulture,133.4772182,46.42685851,34.82014388,0,23.21342926,4149.40048,0,0,0,34.82014388,371.4148681,0,0,1091.031175,5884.604317
2017,Vulture,61.42248556,21.3643428,49.85013321,0,0,2228.122918,0,0,0,0,89.90827597,0,0,0,2450.668156
2017,Vulture,165.0649819,23.31426298,58.75194271,0,0,2881.642904,0.932570519,0,0,0,79.26849413,0,0,0,3208.975157
2017,Vulture,44.76338492,24.2468335,45.69595544,0,0,2906.822308,0,0,0,0,93.25705192,0,0,0,3114.785534
2018,Vulture,58.75954309,10.68355329,37.39243651,5.341776644,26.70888322,0,0,0,0,5.341776644,1463.646801,0,0,0,1607.87477
2018,Vulture,79.36353872,54.94398834,30.52443797,0,36.62932556,0,0,0,0,6.104887594,1745.997852,0,0,6.104887594,1959.668918
2018,Vulture,42.73421315,10.68355329,71.22368859,0,21.36710658,113.9579017,3.56118443,0,0,24.92829101,972.2033493,0,0,0,1260.659288
2019,Vulture,185.9072506,223.0887008,74.36290025,0,86.75671696,2094.555024,0,0,0,24.78763342,3123.241811,0,0,0,5812.7
2019,Vulture,32.50690365,416.0883667,149.5317568,0,6.50138073,91.01933022,0,0,0,6.50138073,1475.813426,0,0,0,2178
2019,Vulture,49.98839406,227.7249063,77.75972409,0,0,461.0040785,5.554266006,0,0,0,1366.349438,0,0,0,2188.4
2020,Vulture,60.77,49.46,105.99,0,1.41,770.16,1.41,72.07,0,9.89,152.62,0,0,0,1223.8
2020,Vulture,60.22,27.53,73.99,0,0,660.72,1.72,156.58,0,17.21,249.49,0,0,0,1247.5
2020,Vulture,59.73,39.82,216.8,0,0,1165.85,0,190.25,0,11.06,249.98,0,0,0,1933.5
2021,Nanuq,341.1255149,26.24042422,1771.228635,0,26.24042422,1272.660575,0,39.36063633,0,26.24042422,669.1308177,0,0,65.60106055,4237.828512
2021,Nanuq,249.8414711,45.42572203,283.9107627,0,11.35643051,181.7028881,0,22.71286101,0,11.35643051,999.3658846,0,0,56.78215253,1862.454603
2021,Nanuq,290.6982649,0,458.4088023,0,11.18070249,1878.358019,0,178.8912399,0,0,793.8298771,0,0,67.08421497,3678.451121
2021,Counts,319.4731403,47.32935412,686.2756347,0,47.32935412,5028.743875,0,0,0,0,449.6288641,0,0,698.1079732,7276.888196
2021,Counts,333.3505744,107.1483989,619.0796381,0,214.2967978,10155.28714,0,0,0,11.90537766,595.2688828,0,0,357.1613297,12393.49814
2021,Counts,335.577466,81.00145731,543.8669276,0,46.28654703,6873.552234,0,0,0,0,555.4385644,0,0,567.0102012,9002.733398
2021,Vulture,149.9565028,53.55589387,107.1117877,0,0,1146.096129,0,0,0,10.71117877,546.2701174,0,0,203.5123967,2217.214006
2021,Vulture,184.198933,27.08807838,59.59377243,0,0,21.6704627,0,0,0,0,254.6279367,0,0,81.26423513,628.4434183
2021,Vulture,98.62523081,60.27097438,126.0211283,0,10.95835898,367.1050258,0,0,0,0,547.917949,0,0,32.87507694,1243.773744
2021,Northeast,125.1576077,13.4785116,169.4441458,0,15.40401325,365.8453148,0,0,0,0,335.0372883,0,0,7.702006627,1032.068888
2021,Northeast,444.9090728,25.18353242,596.0102673,0,92.33961888,1972.71004,0,25.18353242,0,8.394510808,1460.644881,0,0,25.18353242,4650.558987
2021,Northeast,737.6676372,99.68481584,1176.280827,0,39.87392634,2282.782283,0,0,0,0,1216.154753,0,0,89.71633426,5642.160577
2021,Leslie,132.9670227,62.05127728,35.45787273,0,35.45787273,35.45787273,0,2.954822728,0,0,664.8351137,0,0,0,969.1818546
2021,Leslie,168.9173659,17.23646591,317.1509728,0,0,0,0,0,0,0,1154.843216,0,0,0,1658.148021
2021,Leslie,160.7973328,5.955456772,101.2427651,0,35.73274063,0,0,2.977728386,0,0,1054.115849,0,0,0,1360.821872
2021,Moose,764.9954927,40.98190139,341.5158449,75.13348589,27.3212676,170.7579225,0,68.30316899,0,6.830316899,799.1470772,0,0,0,2294.986478
2021,Moose,534.8417318,0,251.2135407,16.20732521,0,158.0214208,0,8.103662603,0,4.051831302,441.6496119,0,0,0,1414.089124
2021,Moose,739.7492581,41.76003876,226.6973533,53.69147841,47.72575859,447.4289867,0,59.65719823,0,0,590.6062625,0,0,0,2207.316335
2021,Kodiak,1131.100478,15.70972887,3047.6874,0,219.9362041,14908.5327,0,47.1291866,0,15.70972887,958.2934609,0,0,502.7113238,20846.81021
2021,Kodiak,992.2876135,0,2459.755211,13.97588188,69.8794094,14926.24185,0,0,0,0,600.9629209,0,0,111.807055,19174.90994
2021,Kodiak,826.5735855,12.5238422,2504.768441,100.1907376,87.66689543,19549.71768,0,0,0,0,551.049057,0,0,0,23632.49024
2021,Nema,842.9509176,16.85901835,2444.557661,151.7311652,16.85901835,3759.561093,0,893.5279727,0,67.43607341,792.3738626,0,0,151.7311652,9137.587947
2021,Nema,593.437446,18.54492019,1557.773296,83.45214085,0,713.9794272,0,120.5419812,0,55.63476056,528.5302254,0,0,37.08984038,3708.984038
2021,Nema,574.3869617,103.0950957,2312.275718,162.0065789,14.72787081,824.7607656,0,603.8427033,0,44.18361244,456.5639952,0,0,58.91148325,5154.754785
2021,Slipper,1028.747299,0,3636.502082,215.3192022,215.3192022,980.8985879,0,1267.990857,0,0,789.5037415,0,0,143.5461348,8277.827107
2021,Slipper,752.1819628,77.14686798,3259.455172,154.293736,115.720302,1118.629586,0,1157.20302,0,0,501.4546419,0,0,38.57343399,7174.658722
2021,Slipper,587.6157565,16.78902162,2803.76661,83.94510808,167.8902162,956.9742321,0,940.1852105,0,16.78902162,520.4596701,0,0,0,6094.414846
2021,S2,709.8583339,0,1647.407077,93.75487428,40.18066041,750.0389943,0,669.6776735,0,0,937.5487428,0,0,26.78710694,4875.253463
2021,S2,1785.948124,99.21934022,2331.654495,347.2676908,223.2435155,1041.803072,0,1165.827248,0,0,1612.314279,0,0,124.0241753,8731.301939
2021,S2,1169.635173,26.58261756,1036.722085,172.7870141,53.16523512,159.4957053,0,358.865337,0,0,1249.383025,0,0,13.29130878,4239.9275
2021,S3,1237.064251,70.02250479,1050.337572,58.35208732,70.02250479,175.056262,0,571.8504558,0,0,805.258805,0,0,0,4037.964443
2021,S3,1622.426684,83.2013684,322.4053026,114.4018816,31.20051315,0,0,468.0076973,0,0,1164.819158,0,0,0,3806.462605
2021,S3,991.7620137,0,409.8190139,8.196380279,40.98190139,114.7493239,0,221.3022675,0,0,893.4054504,0,0,16.39276056,2696.609112
2021,Cujo,1985.874542,126.7579495,4098.507034,0,105.6316246,2471.780016,0,0,0,0,211.2632492,0,0,485.9054731,9485.719889
2021,Cujo,1331.911795,40.98190139,4118.68109,0,0,2049.09507,0,20.4909507,0,20.4909507,635.2194716,0,0,491.7828167,8708.654046
2021,Cujo,1097.786439,269.9474851,2825.450344,0,17.996499,3689.282296,0,0,0,0,179.96499,0,0,1115.782938,9196.210992
2021,LdS1,217.4482799,31.51424346,390.7766189,6.302848691,144.9655199,835.1274516,0,88.23988168,0,3.151424346,242.6596746,0,0,0,1960.185943
2021,LdS1,194.2715426,9.362483978,283.2151403,0,107.6685658,414.289916,0,4.681241989,0,0,234.0620995,0,0,4.681241989,1252.232232
2021,LdS1,2290.69723,277.6602704,4650.809529,0,1353.593818,18637.94565,0,1457.716419,0,0,2950.140373,0,0,34.7075338,31653.27082
2021,Ulu,2592.105263,1366.746411,11028.22967,0,895.4545455,22150.7177,0,377.0334928,0,47.1291866,2639.23445,0,0,659.8086124,41756.45933
2021,Ulu,1285.781133,535.7421388,8679.022648,0,133.9355347,6803.925162,0,187.5097486,0,80.36132082,776.8261012,0,0,53.57421388,18536.678
2021,Ulu,2839.433335,1178.632705,13072.10819,0,267.8710694,12214.92076,0,0,0,0,2678.710694,0,0,0,32251.67675
2021,Horseshoe,170.1887294,183.2801701,2245.182084,0,91.64008506,14426.76768,0,32.72860181,0,0,569.4776715,0,0,0,17719.26502
2021,Horseshoe,484.7573479,659.8086124,1750.512645,0,80.79289132,21894.87355,0,53.86192755,0,0,659.8086124,0,0,0,25584.41558
2021,Horseshoe,41.60168941,6.400259909,188.8076673,0,76.80311891,1520.061728,0,0,0,0,102.4041585,0,0,0,1936.078622
2021,HWL2,19.64387842,0,88.3974529,0,75.30153395,0,0,0,0,0,3.273979737,0,0,0,186.616845
2021,HWL2,0,0,125.3756097,0,194.6621309,0,0,0,0,0,0,0,0,3.299358151,323.3370988
2021,HWL2,10.01452335,0,80.11618677,0,126.8506291,0,0,0,0,3.338174449,20.02904669,0,0,3.338174449,243.6867348
2021,Ross,161.9243536,0,335.6968306,35.5443703,35.5443703,1228.255463,0,0,0,0,205.3674729,0,0,0,2002.33286
2021,Ross,75.00389943,0,442.880168,389.3059542,50.00259962,1639.370945,0,0,0,0,157.1510274,0,0,0,2753.714593
2021,Ross,73.01704967,3.318956803,235.645933,540.9899589,46.46539524,743.4463239,0,0,0,0,73.01704967,0,0,0,1715.900667
2021,Logan,35.2014295,0,0,0,128.0051982,0,0,0,0,6.400259909,48.00194932,0,0,0,217.6088369
2021,Logan,73.43983787,26.70539559,73.43983787,0,747.7510765,420.6099806,0,0,0,16.69087224,76.77801232,0,0,0,1435.415013
2021,Logan,75.13348589,16.6963302,363.1451818,0,893.2536656,2195.567421,0,0,0,29.21857785,146.0928892,0,0,0,3719.107551
2021,Lower Exeter,25.99189272,0,16.24493295,0,6.497973181,12.99594636,0,0,0,0,68.2287184,0,0,0,129.9594636
2021,Lower Exeter,25.99189272,3.24898659,19.49391954,0,35.73885249,0,3.24898659,0,0,12.99594636,204.6861552,0,0,0,305.4047395
2021,Lower Exeter,244.3735602,13.96420344,1138.08258,34.91050859,0,0,0,0,0,34.91050859,698.2101719,0,0,0,2164.451533
